year,stat_type,Team,rush_att,rush_yds,avg_rush,rush_td,rush_20+,rush_40+,rush_Lng,rush_1st,rush_1st%,rush_fumbles,rec_td,tot_td,2pt,passing,pass_att,pass_cmp,pass_cmp%,avg_pass,pass_yds,int,qbrate,pass_lng,sck,SckY,pass_20+,pass_40+,pass_Lng,pass_rec_1st,pass_rec_1st%,rec_fumbles,3rd_att,3rd_md,4th_att,4th_md,total_plays,year_team,sb_winner,sb_appearance,passtd_rushtd_ratio
2017,offense,Chiefs,405,1903,4.7,12,15,4,70,95,23.5,3,26,42,0,passing,543.0,363.0,66.9,8.0,4326.0,8.0,100.8,79T,37.0,222.0,54.0,14.0,79T,198.0,54.5,2.0,199.0,78.0,10.0,3.0,985.0,2017_Chiefs,0,0,2.1666666666666665
2017,offense,Eagles,473,2115,4.5,9,19,3,71,108,22.8,11,38,53,6,passing,564.0,341.0,60.5,7.0,3967.0,9.0,97.6,72T,36.0,230.0,43.0,9.0,72T,193.0,56.6,2.0,230.0,96.0,26.0,17.0,1073.0,2017_Eagles,0,0,4.222222222222222
2017,offense,Dolphins,360,1388,3.9,4,10,4,69,66,18.3,5,24,31,1,passing,602.0,373.0,62.0,6.3,3792.0,21.0,78.7,65T,33.0,257.0,41.0,5.0,65T,187.0,50.1,10.0,202.0,64.0,24.0,7.0,995.0,2017_Dolphins,0,0,6.0
2017,offense,Cowboys,480,2170,4.5,18,12,2,70,127,26.5,1,22,42,0,passing,493.0,309.0,62.7,6.7,3326.0,13.0,86.3,81T,32.0,185.0,34.0,8.0,81T,162.0,52.4,2.0,203.0,87.0,19.0,10.0,1005.0,2017_Cowboys,0,0,1.2222222222222223
2017,offense,Colts,451,1661,3.7,11,8,0,35,94,20.8,7,13,25,0,passing,487.0,285.0,58.5,6.6,3226.0,9.0,79.7,80T,56.0,334.0,36.0,9.0,80T,148.0,51.9,4.0,228.0,87.0,17.0,8.0,994.0,2017_Colts,0,0,1.1818181818181819
2017,offense,Chargers,419,1595,3.8,10,10,1,87T,84,20.0,5,28,43,0,passing,583.0,366.0,62.8,7.8,4551.0,11.0,95.1,75T,18.0,120.0,61.0,12.0,75T,220.0,60.1,3.0,209.0,84.0,11.0,5.0,1020.0,2017_Chargers,0,0,2.8
2017,offense,Bears,422,1788,4.2,13,10,5,53,93,22.0,10,13,31,1,passing,473.0,291.0,61.5,6.5,3085.0,12.0,79.1,70,39.0,274.0,30.0,4.0,70,144.0,49.5,1.0,205.0,71.0,18.0,7.0,934.0,2017_Bears,0,0,1.0
2017,offense,Buccaneers,389,1450,3.7,8,5,0,36,76,19.5,7,26,38,2,passing,605.0,378.0,62.5,7.6,4607.0,14.0,90.6,70,40.0,241.0,47.0,6.0,70,243.0,64.3,6.0,196.0,85.0,8.0,4.0,1034.0,2017_Buccaneers,0,0,3.25
2017,offense,Browns,384,1714,4.5,11,7,1,59,97,25.3,5,15,27,1,passing,574.0,312.0,54.4,6.2,3537.0,28.0,61.4,56T,50.0,309.0,53.0,5.0,56T,157.0,50.3,4.0,216.0,73.0,23.0,12.0,1008.0,2017_Browns,0,0,1.3636363636363635
2017,offense,Broncos,457,1852,4.1,8,8,1,40,92,20.1,5,19,31,2,passing,566.0,332.0,58.7,6.5,3668.0,22.0,73.0,54T,52.0,335.0,55.0,3.0,54T,180.0,54.2,3.0,241.0,94.0,20.0,7.0,1075.0,2017_Broncos,0,0,2.375
2017,offense,Bills,487,2017,4.1,12,17,1,48T,105,21.6,8,16,31,0,passing,476.0,289.0,60.7,6.5,3086.0,10.0,82.1,47,47.0,261.0,40.0,4.0,47,149.0,51.6,3.0,241.0,101.0,15.0,2.0,1010.0,2017_Bills,0,0,1.3333333333333333
2017,offense,Bengals,377,1366,3.6,6,8,0,25,72,19.1,4,25,34,0,passing,510.0,304.0,59.6,6.6,3386.0,12.0,86.0,77T,40.0,264.0,34.0,9.0,77T,165.0,54.3,6.0,199.0,67.0,12.0,5.0,927.0,2017_Bengals,0,0,4.166666666666667
2017,offense,Falcons,430,1847,4.3,12,11,2,52,101,23.5,9,21,36,0,passing,530.0,343.0,64.7,7.8,4146.0,12.0,92.4,88T,24.0,156.0,55.0,9.0,88T,200.0,58.3,1.0,197.0,88.0,13.0,4.0,984.0,2017_Falcons,0,1,1.75
2017,offense,Cardinals,409,1386,3.4,6,5,0,33,66,16.1,9,21,29,1,passing,598.0,339.0,56.7,6.7,3979.0,18.0,76.2,52T,52.0,339.0,55.0,5.0,52T,200.0,59.0,3.0,233.0,82.0,16.0,7.0,1059.0,2017_Cardinals,0,0,3.5
2017,offense,Giants,394,1549,3.9,6,8,2,75T,66,16.8,5,20,28,1,passing,608.0,373.0,61.3,6.1,3680.0,14.0,79.8,77T,34.0,201.0,33.0,6.0,77T,178.0,47.7,1.0,227.0,74.0,21.0,8.0,1036.0,2017_Giants,0,0,3.3333333333333335
2017,offense,Raiders,370,1554,4.2,13,10,4,52T,78,21.1,8,23,36,2,passing,558.0,347.0,62.2,6.7,3761.0,14.0,85.3,87T,24.0,130.0,47.0,10.0,87T,178.0,51.3,9.0,204.0,82.0,24.0,8.0,952.0,2017_Raiders,0,0,1.7692307692307692
2017,offense,Jets,427,1702,4.0,13,14,5,75T,77,18.0,6,19,32,1,passing,510.0,323.0,63.3,6.9,3501.0,12.0,86.1,69T,47.0,319.0,46.0,8.0,69T,157.0,48.6,5.0,228.0,81.0,13.0,7.0,984.0,2017_Jets,0,0,1.4615384615384615
2017,offense,Lions,363,1221,3.4,10,7,0,34,58,16.0,6,29,46,2,passing,570.0,374.0,65.6,7.8,4470.0,11.0,98.4,71T,47.0,287.0,61.0,16.0,71T,210.0,56.1,2.0,209.0,81.0,9.0,1.0,980.0,2017_Lions,0,0,2.9
2017,offense,Packers,386,1724,4.5,13,11,1,46T,99,25.6,4,25,40,1,passing,562.0,352.0,62.6,6.3,3532.0,18.0,81.9,72,51.0,365.0,38.0,8.0,72,176.0,50.0,2.0,211.0,83.0,28.0,15.0,999.0,2017_Packers,0,0,1.9230769230769231
2017,offense,Panthers,490,2102,4.3,15,10,5,69,121,24.7,10,22,40,1,passing,501.0,293.0,58.5,6.6,3319.0,16.0,79.8,64,35.0,242.0,46.0,5.0,64,167.0,57.0,1.0,222.0,93.0,11.0,5.0,1026.0,2017_Panthers,0,0,1.4666666666666666
2017,offense,Patriots,448,1889,4.2,16,10,1,44,107,23.9,4,32,49,2,passing,587.0,389.0,66.3,7.9,4619.0,8.0,102.6,64T,35.0,201.0,63.0,10.0,64T,232.0,59.6,2.0,202.0,82.0,13.0,8.0,1070.0,2017_Patriots,1,1,2.0
2017,offense,Rams,454,1953,4.3,17,12,1,57T,97,21.4,8,28,51,0,passing,518.0,320.0,61.8,7.8,4023.0,7.0,98.3,94T,28.0,192.0,57.0,13.0,94T,185.0,57.8,5.0,214.0,88.0,12.0,5.0,1000.0,2017_Rams,0,0,1.6470588235294117
2017,offense,Ravens,460,1856,4.0,14,8,1,50,111,24.1,5,20,42,1,passing,567.0,363.0,64.0,5.7,3235.0,13.0,81.4,66,27.0,205.0,29.0,5.0,66,168.0,46.3,4.0,223.0,76.0,16.0,10.0,1054.0,2017_Ravens,0,0,1.4285714285714286
2017,offense,Redskins,401,1448,3.6,10,3,1,61T,66,16.5,10,27,39,0,passing,540.0,347.0,64.3,7.6,4093.0,13.0,93.9,74,41.0,342.0,59.0,9.0,74,191.0,55.0,4.0,204.0,66.0,16.0,9.0,982.0,2017_Redskins,0,0,2.7
2017,offense,Saints,444,2070,4.7,23,17,5,74T,111,25.0,5,23,51,1,passing,536.0,386.0,72.0,8.1,4334.0,8.0,103.9,54T,20.0,145.0,72.0,11.0,54T,201.0,52.1,5.0,194.0,73.0,15.0,12.0,1000.0,2017_Saints,0,0,1.0
2017,offense,Seahawks,409,1629,4.0,4,12,0,33,85,20.8,7,34,43,2,passing,555.0,340.0,61.3,7.2,3979.0,12.0,94.4,74T,43.0,322.0,58.0,12.0,74T,183.0,53.8,1.0,212.0,79.0,9.0,5.0,1007.0,2017_Seahawks,0,0,8.5
2017,offense,Steelers,437,1667,3.8,12,6,0,29T,96,22.0,4,29,43,2,passing,590.0,384.0,65.1,7.7,4534.0,15.0,94.1,97T,24.0,154.0,56.0,16.0,97T,217.0,56.5,4.0,209.0,92.0,8.0,3.0,1051.0,2017_Steelers,0,0,2.4166666666666665
2017,offense,Texans,448,1842,4.1,8,6,2,49T,86,19.2,4,28,40,2,passing,525.0,299.0,57.0,6.9,3644.0,17.0,82.8,72T,54.0,366.0,53.0,6.0,72T,180.0,60.2,2.0,209.0,76.0,10.0,5.0,1027.0,2017_Texans,0,0,3.5
2017,offense,Titans,443,1833,4.1,18,12,3,75T,97,21.9,4,14,33,0,passing,496.0,306.0,61.7,6.8,3394.0,17.0,77.1,75T,35.0,203.0,39.0,6.0,75T,157.0,51.3,3.0,202.0,71.0,10.0,5.0,974.0,2017_Titans,0,0,0.7777777777777778
2017,offense,49ers,408,1662,4.1,15,8,1,61,88,21.6,7,15,31,0,passing,607.0,362.0,59.6,7.0,4235.0,15.0,78.8,83T,43.0,310.0,49.0,14.0,83T,206.0,56.9,2.0,234.0,91.0,18.0,8.0,1058.0,2017_49ers,0,0,1.0
2017,offense,Jaguars,527,2262,4.3,18,13,5,90T,101,19.2,9,21,47,3,passing,527.0,316.0,60.0,7.1,3716.0,13.0,84.4,75T,24.0,123.0,42.0,7.0,75T,193.0,61.1,4.0,227.0,85.0,13.0,10.0,1078.0,2017_Jaguars,0,0,1.1666666666666667
2017,offense,Vikings,501,1957,3.9,15,15,2,58T,100,20.0,4,25,41,2,passing,527.0,357.0,67.7,7.5,3929.0,8.0,99.1,65T,27.0,176.0,53.0,9.0,65T,196.0,54.9,4.0,216.0,94.0,7.0,1.0,1055.0,2017_Vikings,0,0,1.6666666666666667
2018,offense,49ers,423,1902,4.5,7,15,3,66T,98,23.2,13,26,35,2,passing,532.0,331.0,62.2,8.0,4247.0,20.0,87.8,85T,48.0,380.0,61.0,12.0,85T,201.0,60.7,3.0,193.0,73.0,10.0,5.0,1003.0,2018_49ers,0,0,3.7142857142857144
2018,offense,Titans,454,2023,4.5,15,10,2,99T,106,23.3,4,16,34,0,passing,437.0,293.0,67.0,7.4,3255.0,12.0,89.8,66T,47.0,280.0,37.0,6.0,66T,156.0,53.2,4.0,205.0,82.0,12.0,7.0,938.0,2018_Titans,0,0,1.0666666666666667
2018,offense,Vikings,357,1493,4.2,9,13,1,70,66,18.5,6,30,42,3,passing,606.0,425.0,70.1,7.1,4298.0,10.0,99.7,75T,40.0,262.0,47.0,7.0,75T,218.0,51.3,1.0,204.0,73.0,21.0,9.0,1003.0,2018_Vikings,0,0,3.3333333333333335
2018,offense,Texans,472,2021,4.3,12,8,2,97T,94,19.9,4,26,42,0,passing,506.0,345.0,68.2,8.2,4165.0,9.0,102.9,73T,62.0,384.0,51.0,8.0,73T,202.0,58.6,4.0,208.0,77.0,12.0,8.0,1040.0,2018_Texans,0,0,2.1666666666666665
2018,offense,Steelers,345,1445,4.2,16,10,0,30,88,25.5,4,35,54,4,passing,689.0,459.0,66.6,7.5,5174.0,17.0,95.5,97T,24.0,166.0,62.0,16.0,97T,251.0,54.7,7.0,198.0,88.0,14.0,9.0,1058.0,2018_Steelers,0,0,2.1875
2018,offense,Seahawks,534,2560,4.8,15,17,2,61,133,24.9,6,35,52,1,passing,427.0,280.0,65.6,8.1,3448.0,7.0,110.9,66,51.0,355.0,47.0,13.0,66,156.0,55.7,4.0,208.0,81.0,14.0,11.0,1012.0,2018_Seahawks,0,0,2.3333333333333335
2018,offense,Saints,471,2025,4.3,26,9,1,49T,134,28.5,7,33,60,4,passing,519.0,381.0,73.4,8.0,4174.0,7.0,112.3,72T,20.0,132.0,59.0,7.0,72T,210.0,55.1,6.0,184.0,82.0,16.0,13.0,1010.0,2018_Saints,0,0,1.2692307692307692
2018,offense,Redskins,414,1774,4.3,12,7,3,90T,96,23.2,6,16,29,2,passing,509.0,311.0,61.1,6.5,3287.0,15.0,78.1,79T,44.0,266.0,40.0,6.0,79T,156.0,50.2,3.0,206.0,75.0,18.0,10.0,967.0,2018_Redskins,0,0,1.3333333333333333
2018,offense,Ravens,547,2441,4.5,19,14,1,43,153,28.0,16,18,41,1,passing,556.0,334.0,60.1,6.7,3708.0,9.0,84.0,74,32.0,150.0,43.0,6.0,74,184.0,55.1,1.0,231.0,104.0,22.0,13.0,1135.0,2018_Ravens,0,0,0.9473684210526315
2018,offense,Rams,459,2231,4.9,23,14,2,56,134,29.2,2,32,60,5,passing,568.0,368.0,64.8,8.3,4730.0,12.0,100.7,70T,33.0,223.0,69.0,9.0,70T,236.0,64.1,3.0,191.0,86.0,15.0,6.0,1060.0,2018_Rams,0,0,1.391304347826087
2018,offense,Patriots,478,2037,4.3,18,12,0,34T,131,27.4,2,29,51,0,passing,574.0,378.0,65.9,7.7,4405.0,11.0,97.8,63T,21.0,147.0,54.0,8.0,63T,206.0,54.5,2.0,201.0,82.0,14.0,7.0,1073.0,2018_Patriots,0,1,1.6111111111111112
2018,offense,Panthers,416,2136,5.1,17,15,3,59,117,28.1,7,28,46,2,passing,563.0,378.0,67.1,7.2,4071.0,16.0,92.9,82,32.0,235.0,52.0,5.0,82,212.0,56.1,6.0,185.0,77.0,19.0,9.0,1011.0,2018_Panthers,0,0,1.6470588235294117
2018,offense,Packers,333,1667,5.0,14,10,1,67,98,29.4,4,25,41,3,passing,640.0,392.0,61.3,7.2,4629.0,4.0,93.7,75T,53.0,391.0,57.0,16.0,75T,208.0,53.1,2.0,204.0,75.0,20.0,10.0,1026.0,2018_Packers,0,0,1.7857142857142858
2018,offense,Lions,404,1660,4.1,11,10,1,71,91,22.5,3,22,35,0,passing,574.0,375.0,65.3,6.7,3844.0,12.0,88.5,67,41.0,268.0,44.0,6.0,67,201.0,53.6,3.0,208.0,75.0,18.0,11.0,1019.0,2018_Lions,0,0,2.0
2018,offense,Jets,410,1622,4.0,11,11,3,77T,84,20.5,9,18,34,0,passing,524.0,299.0,57.1,6.5,3404.0,19.0,73.0,76T,37.0,239.0,44.0,5.0,76T,157.0,52.5,5.0,214.0,69.0,22.0,11.0,971.0,2018_Jets,0,0,1.6363636363636365
2018,offense,Jaguars,416,1723,4.1,7,9,2,43,92,22.1,5,15,25,0,passing,536.0,329.0,61.4,6.4,3431.0,13.0,79.1,80T,53.0,322.0,41.0,3.0,80T,164.0,49.8,8.0,230.0,93.0,17.0,8.0,1005.0,2018_Jaguars,0,0,2.142857142857143
2018,offense,Raiders,387,1628,4.2,9,8,2,52,86,22.2,8,19,30,1,passing,556.0,382.0,68.7,7.3,4057.0,10.0,93.6,66,52.0,306.0,52.0,7.0,66,197.0,51.6,2.0,197.0,73.0,16.0,7.0,995.0,2018_Raiders,0,0,2.111111111111111
2018,offense,Falcons,351,1573,4.5,11,14,3,65,84,23.9,4,36,49,2,passing,617.0,428.0,69.4,8.0,4949.0,7.0,108.0,75T,42.0,296.0,56.0,9.0,75T,238.0,55.6,7.0,203.0,92.0,19.0,10.0,1010.0,2018_Falcons,0,0,3.272727272727273
2018,offense,Bears,468,1938,4.1,16,17,1,42,108,23.1,9,28,50,4,passing,512.0,344.0,67.2,7.3,3747.0,14.0,95.4,70T,33.0,183.0,46.0,11.0,70T,177.0,51.5,4.0,200.0,82.0,15.0,9.0,1013.0,2018_Bears,0,0,1.75
2018,offense,Giants,354,1650,4.7,13,17,7,78T,71,20.1,0,23,39,4,passing,583.0,382.0,65.5,7.6,4405.0,12.0,92.7,58,47.0,358.0,59.0,12.0,58,208.0,54.5,3.0,206.0,76.0,20.0,12.0,984.0,2018_Giants,0,0,1.7692307692307692
2018,offense,Bengals,359,1682,4.7,13,16,3,51,92,25.6,2,27,45,1,passing,542.0,331.0,61.1,6.6,3569.0,13.0,87.0,49,37.0,279.0,53.0,1.0,49,182.0,55.0,2.0,187.0,69.0,17.0,9.0,938.0,2018_Bengals,0,0,2.076923076923077
2018,offense,Bills,468,1984,4.2,15,15,1,45,108,23.1,7,13,29,1,passing,499.0,271.0,54.3,6.2,3082.0,23.0,62.6,75T,41.0,288.0,43.0,8.0,75T,137.0,50.6,4.0,215.0,68.0,18.0,7.0,1008.0,2018_Bills,0,0,0.8666666666666667
2018,offense,Broncos,393,1907,4.9,18,12,3,65T,107,27.2,4,19,39,0,passing,588.0,367.0,62.4,6.7,3930.0,15.0,82.1,64T,34.0,235.0,53.0,11.0,64T,181.0,49.3,4.0,207.0,69.0,25.0,15.0,1015.0,2018_Broncos,0,0,1.0555555555555556
2018,offense,Buccaneers,389,1523,3.9,11,5,0,28,80,20.6,5,36,49,1,passing,625.0,408.0,65.3,8.6,5358.0,26.0,94.1,75T,41.0,233.0,71.0,14.0,75T,265.0,65.0,7.0,187.0,86.0,13.0,9.0,1055.0,2018_Buccaneers,0,0,3.272727272727273
2018,offense,Cardinals,355,1342,3.8,9,6,1,53,76,21.4,6,15,27,2,passing,495.0,283.0,57.2,5.8,2884.0,18.0,69.0,75T,52.0,361.0,31.0,4.0,75T,137.0,48.4,2.0,199.0,58.0,16.0,6.0,902.0,2018_Cardinals,0,0,1.6666666666666667
2018,offense,Browns,411,1893,4.6,15,18,5,92T,93,22.6,6,29,44,4,passing,574.0,353.0,61.5,7.4,4261.0,17.0,88.8,71,38.0,254.0,60.0,11.0,71,189.0,53.5,6.0,208.0,73.0,21.0,9.0,1023.0,2018_Browns,0,0,1.9333333333333333
2018,offense,Chiefs,387,1855,4.8,16,19,1,45,108,27.9,4,50,71,1,passing,583.0,385.0,66.0,8.8,5126.0,12.0,113.8,89T,26.0,171.0,76.0,15.0,89T,239.0,62.1,4.0,176.0,83.0,15.0,12.0,996.0,2018_Chiefs,0,0,3.125
2018,offense,Colts,408,1718,4.2,13,9,2,53,96,23.5,5,39,52,4,passing,644.0,432.0,67.1,7.1,4595.0,15.0,98.2,68T,18.0,134.0,53.0,7.0,68T,237.0,54.9,4.0,214.0,104.0,15.0,7.0,1070.0,2018_Colts,0,0,3.0
2018,offense,Cowboys,439,1963,4.5,13,12,1,41,113,25.7,10,22,36,2,passing,527.0,356.0,67.6,7.4,3885.0,8.0,96.7,90T,56.0,347.0,39.0,9.0,90T,184.0,51.7,3.0,215.0,89.0,21.0,12.0,1022.0,2018_Cowboys,0,0,1.6923076923076923
2018,offense,Dolphins,371,1738,4.7,7,12,3,75T,75,20.2,7,26,38,1,passing,455.0,292.0,64.2,7.3,3309.0,13.0,93.0,75T,52.0,409.0,34.0,9.0,75T,153.0,52.4,1.0,186.0,56.0,13.0,8.0,878.0,2018_Dolphins,0,0,3.7142857142857144
2018,offense,Eagles,398,1570,3.9,12,7,0,32,94,23.6,5,29,41,5,passing,599.0,422.0,70.5,7.6,4524.0,11.0,100.7,83T,40.0,249.0,52.0,9.0,83T,221.0,52.4,5.0,205.0,84.0,23.0,14.0,1037.0,2018_Eagles,1,1,2.4166666666666665
2018,offense,Chargers,399,1873,4.7,16,16,1,41,100,25.1,2,32,51,6,passing,512.0,348.0,68.0,8.4,4316.0,12.0,104.9,75T,34.0,227.0,60.0,10.0,75T,213.0,61.2,6.0,177.0,70.0,8.0,7.0,945.0,2018_Chargers,0,0,2.0
2019,offense,Dolphins,349,1156,3.3,10,3,0,28,64,18.3,7,22,34,1,passing,615.0,371.0,60.3,6.7,4117.0,18.0,80.0,51,58.0,313.0,49.0,7.0,51,210.0,56.6,7.0,207.0,71.0,28.0,13.0,1022.0,2019_Dolphins,0,0,2.2
2019,offense,Chargers,366,1453,4.0,12,9,1,40,90,24.6,7,24,37,1,passing,597.0,394.0,66.0,7.8,4648.0,20.0,89.0,84T,34.0,222.0,57.0,12.0,84T,220.0,55.8,4.0,194.0,86.0,18.0,10.0,997.0,2019_Chargers,0,0,2.0
2019,offense,Cowboys,449,2153,4.8,18,11,2,44T,120,26.7,7,30,49,2,passing,597.0,388.0,65.0,8.2,4902.0,11.0,99.5,62,23.0,151.0,68.0,16.0,62,229.0,59.0,4.0,204.0,96.0,16.0,7.0,1069.0,2019_Cowboys,0,0,1.6666666666666667
2019,offense,Colts,471,2130,4.5,17,14,3,63T,131,27.8,3,22,42,2,passing,513.0,307.0,59.8,6.5,3314.0,10.0,85.0,50,32.0,206.0,38.0,3.0,50,165.0,53.7,5.0,207.0,86.0,24.0,14.0,1016.0,2019_Colts,0,0,1.2941176470588236
2019,offense,Chiefs,375,1569,4.2,16,10,3,91T,93,24.8,5,30,50,1,passing,576.0,378.0,65.6,8.1,4690.0,5.0,104.4,83T,25.0,192.0,59.0,18.0,83T,211.0,55.8,5.0,187.0,89.0,10.0,6.0,976.0,2019_Chiefs,0,0,1.875
2019,offense,Cardinals,396,1990,5.0,18,16,1,80T,109,27.5,3,20,38,3,passing,554.0,355.0,64.1,6.9,3797.0,12.0,87.0,88T,50.0,320.0,49.0,10.0,88T,176.0,49.6,4.0,197.0,71.0,20.0,13.0,1000.0,2019_Cardinals,0,0,1.1111111111111112
2019,offense,49ers,498,2305,4.6,23,16,4,83T,110,22.1,8,28,56,2,passing,478.0,331.0,69.2,8.4,4029.0,13.0,103.1,75T,36.0,237.0,62.0,8.0,75T,195.0,58.9,3.0,200.0,90.0,12.0,7.0,1012.0,2019_49ers,0,0,1.2173913043478262
2019,offense,Browns,393,1901,4.8,15,11,4,88T,90,22.9,5,22,38,1,passing,539.0,318.0,59.0,7.1,3847.0,21.0,78.4,89T,41.0,293.0,58.0,9.0,89T,180.0,56.6,2.0,196.0,71.0,17.0,7.0,973.0,2019_Browns,0,0,1.4666666666666666
2019,offense,Broncos,409,1662,4.1,11,8,1,40,77,18.8,2,16,28,1,passing,504.0,312.0,61.9,6.7,3401.0,10.0,84.1,75T,41.0,286.0,46.0,10.0,75T,162.0,51.9,4.0,202.0,64.0,16.0,11.0,954.0,2019_Broncos,0,0,1.4545454545454546
2019,offense,Bills,465,2054,4.4,13,13,1,41,120,25.8,13,21,35,3,passing,513.0,299.0,58.3,6.8,3476.0,12.0,82.8,53T,40.0,247.0,54.0,8.0,53T,162.0,54.2,0.0,212.0,76.0,18.0,8.0,1018.0,2019_Bills,0,0,1.6153846153846154
2019,offense,Bengals,385,1517,3.9,9,8,1,41,85,22.1,3,18,28,2,passing,616.0,356.0,57.8,6.5,3994.0,16.0,76.2,66T,48.0,342.0,48.0,7.0,66T,191.0,53.7,7.0,222.0,80.0,26.0,13.0,1049.0,2019_Bengals,0,0,2.0
2019,offense,Bears,395,1458,3.7,8,5,2,55,85,21.5,5,20,30,1,passing,580.0,371.0,64.0,6.2,3573.0,12.0,83.9,53,45.0,282.0,39.0,2.0,53,178.0,48.0,1.0,216.0,77.0,21.0,7.0,1020.0,2019_Bears,0,0,2.5
2019,offense,Eagles,454,1939,4.3,16,7,2,65T,104,22.9,9,27,46,4,passing,613.0,391.0,63.8,6.6,4063.0,8.0,92.1,53T,37.0,230.0,52.0,6.0,53T,215.0,55.0,6.0,229.0,104.0,24.0,8.0,1104.0,2019_Eagles,0,0,1.6875
2019,offense,Buccaneers,409,1521,3.7,15,10,1,49,81,19.8,6,33,54,5,passing,630.0,382.0,60.6,8.1,5127.0,30.0,84.1,71T,47.0,282.0,75.0,13.0,71T,244.0,63.9,3.0,217.0,90.0,17.0,9.0,1086.0,2019_Buccaneers,0,0,2.2
2019,offense,Falcons,362,1361,3.8,10,6,0,28,84,23.2,4,29,42,2,passing,684.0,459.0,67.1,7.4,5049.0,15.0,93.8,93T,50.0,335.0,52.0,5.0,93T,258.0,56.2,3.0,207.0,87.0,21.0,13.0,1096.0,2019_Falcons,0,0,2.9
2019,offense,Titans,445,2223,5.0,21,14,5,74T,104,23.4,8,29,54,1,passing,448.0,297.0,66.3,8.8,3956.0,8.0,108.3,91T,56.0,374.0,58.0,15.0,91T,177.0,59.6,4.0,185.0,70.0,14.0,4.0,949.0,2019_Titans,0,0,1.380952380952381
2019,offense,Jaguars,389,1708,4.4,3,10,4,81,85,21.9,3,24,29,4,passing,589.0,364.0,61.8,6.8,4023.0,8.0,90.0,70T,42.0,263.0,53.0,6.0,70T,183.0,50.3,1.0,220.0,76.0,25.0,12.0,1020.0,2019_Jaguars,0,0,8.0
2019,offense,Vikings,476,2133,4.5,19,15,4,75T,106,22.3,10,26,47,1,passing,466.0,319.0,68.5,8.0,3729.0,8.0,103.9,66,28.0,206.0,53.0,11.0,66,171.0,53.6,6.0,194.0,83.0,15.0,8.0,970.0,2019_Vikings,0,0,1.368421052631579
2019,offense,Texans,434,2009,4.6,17,13,4,58,112,25.8,11,27,46,1,passing,534.0,355.0,66.5,7.6,4083.0,14.0,95.3,54,49.0,300.0,51.0,10.0,54,203.0,57.2,2.0,193.0,84.0,25.0,13.0,1017.0,2019_Texans,0,0,1.588235294117647
2019,offense,Steelers,395,1447,3.7,7,9,1,45,75,19.0,7,18,29,0,passing,510.0,315.0,61.8,6.3,3214.0,19.0,76.1,79T,32.0,233.0,37.0,8.0,79T,147.0,46.7,7.0,195.0,67.0,15.0,2.0,937.0,2019_Steelers,0,0,2.5714285714285716
2019,offense,Seahawks,481,2200,4.6,15,14,2,59,121,25.2,11,31,49,1,passing,517.0,341.0,66.0,7.9,4110.0,6.0,105.3,60T,48.0,319.0,55.0,10.0,60T,190.0,55.7,8.0,200.0,79.0,14.0,7.0,1046.0,2019_Seahawks,0,0,2.066666666666667
2019,offense,Saints,405,1738,4.3,12,11,1,40T,97,24.0,3,36,52,0,passing,581.0,418.0,71.9,7.6,4431.0,6.0,110.2,61T,25.0,187.0,54.0,9.0,61T,230.0,55.0,2.0,192.0,81.0,13.0,5.0,1011.0,2019_Saints,0,0,3.0
2019,offense,Redskins,356,1583,4.4,9,11,2,65T,74,20.8,7,18,28,1,passing,479.0,298.0,62.2,6.7,3205.0,13.0,83.0,75T,50.0,393.0,38.0,6.0,75T,154.0,51.7,4.0,179.0,52.0,14.0,6.0,885.0,2019_Redskins,0,0,2.0
2019,offense,Giants,362,1685,4.7,11,13,3,68T,89,24.6,9,30,44,2,passing,607.0,376.0,61.9,6.7,4070.0,17.0,86.4,75T,43.0,339.0,54.0,11.0,75T,187.0,49.7,5.0,212.0,79.0,31.0,14.0,1012.0,2019_Giants,0,0,2.727272727272727
2019,offense,Ravens,596,3296,5.5,21,23,5,63T,188,31.5,12,37,64,2,passing,440.0,289.0,65.7,7.6,3350.0,8.0,109.0,83T,28.0,125.0,44.0,8.0,83T,171.0,59.2,2.0,187.0,88.0,24.0,17.0,1064.0,2019_Ravens,0,0,1.7619047619047619
2019,offense,Raiders,437,1893,4.3,13,11,3,60T,104,23.8,9,22,37,0,passing,523.0,367.0,70.2,7.9,4110.0,8.0,101.0,75,29.0,184.0,54.0,10.0,75,194.0,52.9,4.0,201.0,88.0,19.0,11.0,989.0,2019_Raiders,0,0,1.6923076923076923
2019,offense,Patriots,447,1703,3.8,17,6,0,33T,110,24.6,3,25,49,2,passing,620.0,378.0,61.0,6.7,4153.0,9.0,88.2,59,28.0,192.0,62.0,6.0,59,197.0,52.1,4.0,227.0,87.0,15.0,6.0,1095.0,2019_Patriots,1,1,1.4705882352941178
2019,offense,Panthers,386,1819,4.7,20,7,5,84T,82,21.2,7,17,38,1,passing,633.0,382.0,60.3,6.5,4134.0,21.0,74.7,52T,58.0,484.0,40.0,7.0,52T,230.0,60.2,2.0,207.0,66.0,24.0,12.0,1077.0,2019_Panthers,0,0,0.85
2019,offense,Packers,411,1795,4.4,18,7,3,56T,90,21.9,3,26,44,3,passing,573.0,356.0,62.1,7.0,4017.0,4.0,95.3,74T,36.0,284.0,52.0,12.0,74T,190.0,53.4,6.0,203.0,73.0,14.0,7.0,1020.0,2019_Packers,0,0,1.4444444444444444
2019,offense,Lions,407,1649,4.1,7,7,2,44,82,20.1,5,28,38,0,passing,571.0,344.0,60.2,7.3,4187.0,15.0,88.2,75T,43.0,287.0,60.0,13.0,75T,196.0,57.0,2.0,220.0,90.0,13.0,5.0,1021.0,2019_Lions,0,0,4.0
2019,offense,Jets,383,1257,3.3,6,2,0,24,61,15.9,5,19,31,3,passing,521.0,323.0,62.0,6.6,3443.0,16.0,80.6,92T,52.0,332.0,44.0,6.0,92T,162.0,50.2,3.0,212.0,65.0,19.0,7.0,956.0,2019_Jets,0,0,3.1666666666666665
2019,offense,Rams,401,1499,3.7,20,8,0,27,92,22.9,6,22,46,1,passing,632.0,397.0,62.8,7.4,4669.0,17.0,85.6,66,22.0,170.0,73.0,6.0,66,222.0,55.9,3.0,208.0,83.0,13.0,3.0,1055.0,2019_Rams,0,1,1.1
2020,offense,Bears,393,1647,4.2,12,8,3,80T,93,23.7,1,26,40,2,passing,614.0,402.0,65.5,6.4,3925.0,16.0,86.5,53,36.0,270.0,42.0,3.0,53,218.0,54.2,5.0,205.0,71.0,28.0,17.0,1043.0,2020_Bears,0,0,2.1666666666666665
2020,offense,Vikings,468,2283,4.9,20,10,1,70T,139,29.7,5,35,55,8,passing,516.0,349.0,67.6,8.3,4265.0,13.0,105.0,71T,39.0,256.0,58.0,7.0,71T,212.0,60.7,4.0,181.0,74.0,23.0,13.0,1023.0,2020_Vikings,0,0,1.75
2020,offense,49ers,437,1889,4.3,19,8,2,80T,101,23.1,6,25,45,1,passing,570.0,371.0,65.1,7.6,4320.0,17.0,90.1,76T,39.0,287.0,55.0,10.0,76T,217.0,58.5,1.0,197.0,77.0,15.0,6.0,1046.0,2020_49ers,0,1,1.3157894736842106
2020,offense,Steelers,373,1351,3.6,12,10,2,59,81,21.7,7,35,50,2,passing,656.0,428.0,65.2,6.3,4129.0,11.0,93.5,84T,14.0,126.0,48.0,7.0,84T,206.0,48.1,8.0,230.0,97.0,19.0,10.0,1043.0,2020_Steelers,0,0,2.9166666666666665
2020,offense,Seahawks,411,1971,4.8,15,11,1,50T,111,27.0,6,40,55,1,passing,563.0,388.0,68.9,7.5,4245.0,13.0,105.0,62,48.0,304.0,45.0,11.0,62,216.0,55.7,3.0,189.0,76.0,14.0,8.0,1022.0,2020_Seahawks,0,0,2.6666666666666665
2020,offense,Saints,494,2265,4.6,30,14,3,49,147,29.8,9,28,59,0,passing,522.0,370.0,70.9,7.6,3945.0,8.0,104.1,52T,29.0,187.0,44.0,9.0,52T,199.0,53.8,4.0,208.0,93.0,16.0,11.0,1045.0,2020_Saints,0,0,0.9333333333333333
2020,offense,Ravens,555,3071,5.5,24,31,5,72T,166,29.9,11,27,55,2,passing,406.0,257.0,63.3,7.2,2919.0,11.0,95.7,70T,32.0,180.0,38.0,5.0,70T,142.0,55.3,3.0,207.0,101.0,19.0,12.0,993.0,2020_Ravens,0,0,1.125
2020,offense,Rams,473,2018,4.3,19,9,4,61,123,26.0,4,20,43,1,passing,590.0,392.0,66.4,7.1,4183.0,14.0,88.4,56T,25.0,169.0,50.0,6.0,56T,206.0,52.6,4.0,226.0,98.0,17.0,8.0,1088.0,2020_Rams,0,0,1.0526315789473684
2020,offense,Raiders,457,1916,4.2,20,9,1,43,121,26.5,9,28,48,1,passing,551.0,369.0,67.0,8.0,4383.0,10.0,100.4,85T,28.0,166.0,59.0,12.0,85T,206.0,55.8,4.0,198.0,91.0,21.0,16.0,1036.0,2020_Raiders,0,0,1.4
2020,offense,Patriots,502,2346,4.7,20,13,3,49,143,28.5,8,12,36,1,passing,440.0,283.0,64.3,7.1,3124.0,14.0,81.1,50,37.0,234.0,38.0,3.0,50,157.0,55.5,6.0,186.0,76.0,17.0,9.0,979.0,2020_Patriots,0,0,0.6
2020,offense,Panthers,407,1704,4.2,19,6,1,45,110,27.0,7,16,38,1,passing,550.0,373.0,67.8,7.5,4129.0,16.0,87.5,75T,36.0,241.0,55.0,9.0,75T,192.0,51.5,3.0,195.0,76.0,27.0,15.0,993.0,2020_Panthers,0,0,0.8421052631578947
2020,offense,Packers,443,2118,4.8,16,10,4,77T,114,25.7,4,48,66,2,passing,526.0,372.0,70.7,8.2,4299.0,5.0,121.5,78T,21.0,193.0,57.0,14.0,78T,216.0,58.1,3.0,180.0,89.0,21.0,13.0,990.0,2020_Packers,0,0,3.0
2020,offense,Lions,367,1499,4.1,17,5,1,54,93,25.3,5,27,45,2,passing,582.0,374.0,64.3,7.6,4397.0,13.0,93.3,73,42.0,293.0,58.0,8.0,73,220.0,58.8,1.0,192.0,79.0,20.0,10.0,991.0,2020_Lions,0,0,1.588235294117647
2020,offense,Jets,406,1683,4.1,9,4,1,46T,94,23.2,2,16,26,1,passing,499.0,292.0,58.5,6.2,3115.0,14.0,75.9,69T,43.0,319.0,39.0,6.0,69T,146.0,50.0,2.0,206.0,70.0,18.0,7.0,948.0,2020_Jets,0,0,1.7777777777777777
2020,offense,Jaguars,337,1519,4.5,9,6,1,47,80,23.7,3,25,37,3,passing,616.0,387.0,62.8,6.4,3955.0,16.0,83.9,73T,44.0,256.0,45.0,5.0,73T,205.0,53.0,2.0,207.0,84.0,26.0,7.0,997.0,2020_Jaguars,0,0,2.7777777777777777
2020,offense,Giants,399,1768,4.4,13,9,3,80,91,22.8,5,12,27,2,passing,517.0,321.0,62.1,6.5,3336.0,11.0,79.6,53,50.0,310.0,36.0,5.0,53,178.0,55.5,3.0,198.0,72.0,22.0,14.0,966.0,2020_Giants,0,0,0.9230769230769231
2020,offense,FootballTeam,400,1611,4.0,18,7,1,40,108,27.0,3,16,37,0,passing,601.0,389.0,64.7,6.3,3796.0,16.0,80.1,68T,50.0,331.0,40.0,6.0,68T,184.0,47.3,7.0,225.0,88.0,19.0,11.0,1051.0,2020_FootballTeam,0,0,0.8888888888888888
2020,offense,Falcons,409,1532,3.7,13,6,1,62,86,21.0,5,27,41,1,passing,628.0,408.0,65.0,7.4,4620.0,11.0,93.9,63,41.0,257.0,59.0,8.0,63,243.0,59.6,5.0,221.0,97.0,26.0,15.0,1078.0,2020_Falcons,0,0,2.076923076923077
2020,offense,Eagles,403,2027,5.0,16,12,5,82T,114,28.3,15,22,42,7,passing,598.0,334.0,55.9,6.2,3728.0,20.0,72.9,81T,65.0,401.0,43.0,9.0,81T,177.0,53.0,1.0,220.0,82.0,35.0,15.0,1066.0,2020_Eagles,0,0,1.375
2020,offense,Dolphins,428,1688,3.9,15,7,0,31,100,23.4,5,24,42,4,passing,559.0,370.0,66.2,7.0,3937.0,13.0,91.2,70,34.0,201.0,40.0,4.0,70,207.0,55.9,3.0,202.0,78.0,10.0,8.0,1021.0,2020_Dolphins,0,0,1.6
2020,offense,Cowboys,430,1788,4.2,14,7,2,42T,115,26.7,7,25,42,4,passing,639.0,413.0,64.6,7.1,4511.0,13.0,89.9,69,44.0,350.0,50.0,11.0,69,231.0,55.9,3.0,215.0,87.0,31.0,17.0,1113.0,2020_Cowboys,0,0,1.7857142857142858
2020,offense,Colts,459,1996,4.3,20,12,3,62T,129,28.1,1,24,50,3,passing,552.0,371.0,67.2,7.6,4186.0,11.0,95.9,55,21.0,133.0,56.0,8.0,55,201.0,54.2,3.0,197.0,78.0,26.0,16.0,1032.0,2020_Colts,0,0,1.2
2020,offense,Chiefs,403,1799,4.5,13,10,0,32T,110,27.3,5,40,57,3,passing,630.0,420.0,66.7,7.9,5005.0,7.0,107.3,75T,24.0,151.0,69.0,8.0,75T,255.0,60.7,7.0,194.0,95.0,16.0,9.0,1057.0,2020_Chiefs,1,1,3.076923076923077
2020,offense,Chargers,466,1784,3.8,12,10,0,36,111,23.8,8,31,45,2,passing,627.0,413.0,65.9,7.3,4548.0,10.0,97.0,72T,34.0,219.0,54.0,10.0,72T,226.0,54.7,3.0,224.0,99.0,25.0,12.0,1127.0,2020_Chargers,0,0,2.5833333333333335
2020,offense,Cardinals,479,2237,4.7,22,17,2,69T,136,28.4,9,27,49,0,passing,575.0,387.0,67.3,7.1,4102.0,13.0,94.1,80T,29.0,186.0,45.0,14.0,80T,211.0,54.5,6.0,202.0,80.0,25.0,17.0,1083.0,2020_Cardinals,0,0,1.2272727272727273
2020,offense,Buccaneers,369,1519,4.1,16,9,2,98T,82,22.2,3,42,59,0,passing,626.0,410.0,65.5,7.6,4776.0,12.0,102.8,50,22.0,150.0,67.0,12.0,50,238.0,58.0,5.0,191.0,83.0,14.0,8.0,1017.0,2020_Buccaneers,0,0,2.625
2020,offense,Browns,495,2374,4.8,21,21,4,59,133,26.9,7,27,50,2,passing,501.0,315.0,62.9,7.4,3701.0,8.0,96.6,75T,26.0,162.0,45.0,5.0,75T,195.0,61.9,6.0,196.0,88.0,24.0,8.0,1022.0,2020_Browns,0,0,1.2857142857142858
2020,offense,Broncos,442,1918,4.3,13,13,3,65,94,21.3,7,21,35,2,passing,556.0,317.0,57.0,6.6,3673.0,23.0,72.5,92T,32.0,222.0,49.0,11.0,92T,176.0,55.5,6.0,212.0,82.0,15.0,4.0,1030.0,2020_Broncos,0,0,1.6153846153846154
2020,offense,Bills,411,1723,4.2,16,10,1,51T,119,29.0,6,40,60,0,passing,596.0,410.0,68.8,8.0,4786.0,11.0,107.6,56T,27.0,166.0,66.0,10.0,56T,240.0,58.5,3.0,187.0,93.0,10.0,8.0,1034.0,2020_Bills,0,0,2.5
2020,offense,Bengals,411,1668,4.1,13,9,2,55,92,22.4,8,19,33,0,passing,581.0,372.0,64.0,6.5,3793.0,11.0,85.7,72T,48.0,345.0,35.0,5.0,72T,201.0,54.0,4.0,213.0,77.0,27.0,19.0,1040.0,2020_Bengals,0,0,1.4615384615384615
2020,offense,Texans,344,1466,4.3,10,5,1,48,83,24.1,7,33,44,1,passing,546.0,383.0,70.1,8.9,4843.0,7.0,112.3,77T,50.0,305.0,70.0,11.0,77T,222.0,58.0,7.0,193.0,83.0,16.0,9.0,940.0,2020_Texans,0,0,3.3
2020,offense,Titans,521,2690,5.2,26,20,5,94T,142,27.3,5,33,62,4,passing,485.0,316.0,65.2,7.9,3826.0,7.0,105.9,75T,25.0,173.0,44.0,13.0,75T,203.0,64.2,3.0,182.0,84.0,16.0,10.0,1031.0,2020_Titans,0,0,1.2692307692307692
2021,offense,Bengals,436,1742,4.0,16,8,1,46T,96,22.0,2,36,54,1,passing,555.0,384.0,69.2,8.7,4806.0,14.0,106.9,82T,55.0,403.0,63.0,16.0,82T,208.0,54.2,5.0,207.0,82.0,20.0,13.0,1046.0,2021_Bengals,0,0,2.25
2021,offense,Vikings,449,1930,4.3,10,13,2,66,103,22.9,6,34,48,1,passing,604.0,398.0,65.9,7.4,4450.0,7.0,101.6,64T,30.0,212.0,63.0,10.0,64T,202.0,50.8,3.0,228.0,83.0,22.0,12.0,1083.0,2021_Vikings,0,0,3.4
2021,offense,Bills,461,2209,4.8,20,18,2,46T,134,29.1,8,36,57,3,passing,655.0,415.0,63.4,6.8,4450.0,16.0,91.3,61,27.0,166.0,51.0,8.0,61,236.0,56.9,8.0,222.0,103.0,22.0,11.0,1143.0,2021_Bills,0,0,1.8
2021,offense,Broncos,455,2025,4.5,16,10,3,70T,124,27.3,7,20,37,1,passing,541.0,354.0,65.4,7.1,3856.0,9.0,91.7,64,40.0,263.0,46.0,7.0,64,179.0,50.6,2.0,213.0,82.0,28.0,16.0,1036.0,2021_Broncos,0,0,1.25
2021,offense,Browns,485,2471,5.1,20,18,2,70T,138,28.5,5,21,43,3,passing,520.0,320.0,61.5,7.0,3619.0,14.0,84.6,71T,49.0,299.0,47.0,9.0,71T,177.0,55.3,3.0,212.0,83.0,29.0,12.0,1054.0,2021_Browns,0,0,1.05
2021,offense,Buccaneers,385,1672,4.3,18,9,2,55T,106,27.5,3,43,63,1,passing,731.0,492.0,67.3,7.4,5383.0,12.0,101.6,62T,23.0,154.0,76.0,10.0,62T,273.0,55.5,4.0,223.0,105.0,16.0,9.0,1139.0,2021_Buccaneers,1,1,2.388888888888889
2021,offense,Cardinals,496,2076,4.2,23,10,3,57,127,25.6,16,27,52,0,passing,591.0,415.0,70.2,7.8,4619.0,11.0,100.6,77T,39.0,343.0,62.0,11.0,77T,214.0,51.6,2.0,221.0,100.0,29.0,17.0,1126.0,2021_Cardinals,0,0,1.173913043478261
2021,offense,Chargers,423,1834,4.3,18,7,1,75,112,26.5,3,38,58,7,passing,674.0,443.0,65.7,7.4,5014.0,15.0,97.4,72T,31.0,214.0,53.0,15.0,72T,256.0,57.8,5.0,221.0,100.0,34.0,22.0,1128.0,2021_Chargers,0,0,2.111111111111111
2021,offense,Chiefs,431,1955,4.5,16,9,1,51T,119,27.6,8,37,57,2,passing,675.0,448.0,66.4,7.3,4937.0,13.0,98.1,75T,28.0,146.0,58.0,11.0,75T,267.0,59.6,4.0,205.0,107.0,15.0,10.0,1134.0,2021_Chiefs,0,1,2.3125
2021,offense,Colts,499,2540,5.1,22,19,5,83,154,30.9,7,27,52,2,passing,521.0,324.0,62.2,6.9,3588.0,8.0,93.5,76T,32.0,227.0,42.0,9.0,76T,167.0,51.5,5.0,210.0,86.0,29.0,18.0,1052.0,2021_Colts,0,0,1.2272727272727273
2021,offense,Cowboys,473,2119,4.5,15,11,2,58T,111,23.5,8,40,64,6,passing,647.0,444.0,68.6,7.7,4963.0,11.0,104.8,73T,33.0,163.0,63.0,9.0,73T,248.0,55.9,4.0,228.0,99.0,24.0,14.0,1153.0,2021_Cowboys,0,0,2.6666666666666665
2021,offense,Dolphins,442,1568,3.5,12,5,0,30,87,19.7,5,21,39,2,passing,615.0,404.0,65.7,6.4,3936.0,14.0,85.4,65T,40.0,285.0,45.0,8.0,65T,206.0,51.0,2.0,233.0,95.0,22.0,12.0,1097.0,2021_Dolphins,0,0,1.75
2021,offense,Eagles,550,2715,4.9,25,17,0,38,163,29.6,6,20,50,5,passing,494.0,307.0,62.1,7.3,3585.0,10.0,89.2,91,31.0,181.0,51.0,5.0,91,167.0,54.4,2.0,221.0,101.0,24.0,11.0,1075.0,2021_Eagles,0,0,0.8
2021,offense,Falcons,393,1451,3.7,11,2,0,39,75,19.1,9,20,33,1,passing,573.0,377.0,65.8,7.0,3987.0,15.0,86.6,64,40.0,274.0,44.0,7.0,64,196.0,52.0,7.0,211.0,82.0,24.0,10.0,1006.0,2021_Falcons,0,0,1.8181818181818181
2021,offense,FootballTeam,477,2061,4.3,13,8,0,38,129,27.0,10,21,37,2,passing,550.0,356.0,64.7,6.8,3746.0,15.0,85.8,73T,43.0,305.0,42.0,7.0,73T,181.0,50.8,4.0,224.0,87.0,32.0,16.0,1070.0,2021_FootballTeam,0,0,1.6153846153846154
2021,offense,Bears,475,2018,4.2,14,13,1,41,119,25.1,5,16,33,3,passing,542.0,332.0,61.3,6.7,3635.0,20.0,75.5,64,58.0,428.0,40.0,7.0,64,180.0,54.2,1.0,216.0,75.0,36.0,15.0,1075.0,2021_Bears,0,0,1.1428571428571428
2021,offense,Giants,419,1688,4.0,8,9,2,46,90,21.5,4,15,24,4,passing,593.0,351.0,59.2,5.8,3463.0,20.0,70.1,60,38.0,267.0,31.0,6.0,60,171.0,48.7,4.0,230.0,84.0,30.0,13.0,1050.0,2021_Giants,0,0,1.875
2021,offense,Jets,380,1667,4.4,14,9,2,55,87,22.9,1,20,36,4,passing,603.0,357.0,59.2,6.6,3959.0,20.0,76.0,62T,53.0,418.0,52.0,6.0,62T,195.0,54.6,6.0,212.0,77.0,29.0,14.0,1036.0,2021_Jets,0,0,1.4285714285714286
2021,offense,Lions,427,1886,4.4,12,12,2,57T,104,24.4,6,23,35,5,passing,593.0,396.0,66.8,6.5,3884.0,14.0,88.1,75T,36.0,286.0,49.0,5.0,75T,193.0,48.7,2.0,213.0,74.0,41.0,21.0,1056.0,2021_Lions,0,0,1.9166666666666667
2021,offense,Packers,446,1900,4.3,13,7,1,57,109,24.4,5,39,54,1,passing,593.0,402.0,67.8,7.6,4526.0,7.0,107.4,75T,33.0,211.0,61.0,11.0,75T,235.0,58.5,5.0,202.0,88.0,22.0,13.0,1072.0,2021_Packers,0,0,3.0
2021,offense,Panthers,455,1842,4.0,17,8,0,33,118,25.9,10,14,32,3,passing,599.0,348.0,58.1,6.0,3573.0,21.0,68.5,64,52.0,334.0,36.0,5.0,64,174.0,50.0,1.0,235.0,84.0,34.0,14.0,1106.0,2021_Panthers,0,0,0.8235294117647058
2021,offense,Patriots,489,2151,4.4,24,11,1,64T,139,28.4,7,24,51,3,passing,535.0,364.0,68.0,7.7,4098.0,13.0,95.5,75T,28.0,241.0,60.0,8.0,75T,187.0,51.4,5.0,209.0,91.0,17.0,11.0,1052.0,2021_Patriots,0,0,1.0
2021,offense,Raiders,414,1617,3.9,14,7,0,31,95,22.9,9,23,37,0,passing,628.0,429.0,68.3,7.7,4808.0,14.0,93.8,61T,40.0,241.0,67.0,10.0,61T,217.0,50.6,5.0,206.0,77.0,19.0,12.0,1082.0,2021_Raiders,0,0,1.6428571428571428
2021,offense,Rams,420,1683,4.0,10,3,0,39,99,23.6,3,41,52,2,passing,607.0,406.0,66.9,8.1,4893.0,18.0,101.6,79T,31.0,251.0,65.0,18.0,79T,233.0,57.4,2.0,205.0,90.0,19.0,10.0,1058.0,2021_Rams,0,0,4.1
2021,offense,Ravens,517,2479,4.8,18,15,1,46T,159,30.8,7,21,41,2,passing,611.0,396.0,64.8,7.0,4267.0,18.0,84.4,49T,57.0,306.0,54.0,6.0,49T,209.0,52.8,6.0,225.0,82.0,27.0,18.0,1185.0,2021_Ravens,0,0,1.1666666666666667
2021,offense,Saints,510,1991,3.9,12,9,1,44T,113,22.2,2,29,43,0,passing,504.0,293.0,58.1,6.8,3437.0,13.0,87.4,72T,37.0,251.0,41.0,8.0,72T,165.0,56.3,3.0,220.0,78.0,21.0,11.0,1051.0,2021_Saints,0,0,2.4166666666666665
2021,offense,Seahawks,413,2074,5.0,18,18,3,73T,106,25.7,4,30,49,1,passing,495.0,324.0,65.5,7.7,3815.0,7.0,103.1,84T,46.0,383.0,56.0,12.0,84T,166.0,51.2,6.0,193.0,72.0,11.0,4.0,954.0,2021_Seahawks,0,0,1.6666666666666667
2021,offense,Steelers,411,1583,3.9,10,9,0,37T,85,20.7,0,23,34,2,passing,664.0,425.0,64.0,6.0,4017.0,11.0,85.3,59,38.0,239.0,41.0,9.0,59,204.0,48.0,4.0,239.0,93.0,21.0,10.0,1113.0,2021_Steelers,0,0,2.3
2021,offense,Texans,420,1422,3.4,8,6,0,36,77,18.3,5,21,31,2,passing,546.0,354.0,64.8,6.6,3630.0,15.0,85.2,67T,44.0,325.0,44.0,8.0,67T,162.0,45.8,5.0,239.0,95.0,21.0,9.0,1010.0,2021_Texans,0,0,2.625
2021,offense,Titans,551,2404,4.4,23,11,3,76T,134,24.3,9,22,49,2,passing,535.0,359.0,67.1,7.0,3745.0,14.0,90.0,57T,47.0,327.0,35.0,7.0,57T,194.0,54.0,4.0,236.0,103.0,24.0,15.0,1133.0,2021_Titans,0,0,0.9565217391304348
2021,offense,Jaguars,392,1755,4.5,13,7,2,66T,92,23.5,6,12,28,2,passing,604.0,361.0,59.8,6.1,3674.0,17.0,72.1,58,32.0,238.0,44.0,5.0,58,178.0,49.3,5.0,212.0,76.0,31.0,18.0,1028.0,2021_Jaguars,0,0,0.9230769230769231
2021,offense,49ers,499,2166,4.3,22,12,1,49,130,26.1,5,26,50,2,passing,514.0,343.0,66.7,8.6,4437.0,14.0,99.2,83,33.0,216.0,63.0,11.0,83,200.0,58.3,9.0,199.0,80.0,20.0,10.0,1046.0,2021_49ers,0,0,1.1818181818181819
