year,stat_type,team,forced_fumbles,fumble_recoveries,fumble_recovery_td,reception_fumble,rush_fumble,pass_attempt,pass_cmp,pass_cmp%,avg_pass_yds,total_pass_yds,pass_td,pass_int,opp_qb_rate,pass_1st,pass_1st%,pass_20+,pass_40+,pass_Lng,pass_Sck,rush_att,rush_yds,avg_rush_yds,rush_td,rush_20+,rush_40+,rush_Lng,rush_1st,rush_1st%,rush_fumbles,recs,rec_yds,avg_rec_yds,PDef,int_td,int_yds,int_lng,total_sack,tackle_combined,tackle_asst,tackle_solo,SFTY,3rd_att,3rd_md,4th_att,4th_md,rec_1st_all,rec_1st%_all,rush_1st_all,rush_1st%_all,total_plays,year_team,sb_winner,sb_appearance
2018,defense,49ers,11,5,0,4,6,542,344,63.5,7.3,3732,35,2,105.4,195,36.0,49,9,75T,37,444,1814,4.1,13,11,0,34,104,23.4,6,344,3959,11.5,37,1,55,32T,48,1001,215,689,1,216,87,17,10,195,56.7,104,23.4,1023,2018_49ers,0,0
2018,defense,Bears,18,9,1,4,5,615,377,61.3,6.3,3515,22,27,72.9,186,30.2,39,9,75T,50,339,1280,3.8,5,7,0,32,67,19.8,5,377,3854,10.2,92,5,330,49T,33,1012,190,768,1,219,75,28,16,186,49.3,67,19.8,1004,2018_Bears,0,0
2018,defense,Bengals,10,6,2,3,3,584,389,66.6,7.9,4414,32,12,100.0,221,37.8,60,13,72T,34,466,2204,4.7,17,15,2,65T,125,26.8,3,389,4587,11.8,72,3,222,58T,37,906,250,632,0,223,109,17,11,221,56.8,125,26.8,1084,2018_Bengals,0,0
2018,defense,Bills,21,11,0,4,10,492,313,63.6,6.3,2867,22,16,82.6,157,31.9,36,2,43,36,440,1839,4.2,17,12,1,43,111,25.2,10,313,3084,9.9,70,0,133,37,41,1030,263,672,1,203,74,11,6,157,50.2,111,25.2,968,2018_Bills,0,0
2018,defense,Broncos,13,10,0,3,6,549,353,64.3,7.7,3929,26,17,90.7,197,35.9,56,9,97T,44,429,1913,4.5,11,15,5,77T,85,19.8,6,353,4240,12.0,79,2,158,53T,34,970,204,726,0,211,82,11,6,197,55.8,85,19.8,1022,2018_Broncos,0,0
2018,defense,Browns,18,14,0,8,6,626,393,62.8,7.0,4125,21,17,83.4,216,34.5,51,8,67,37,459,2163,4.7,20,18,1,52,130,28.3,6,393,4370,11.1,75,0,100,50,38,1055,330,687,1,210,75,20,13,216,55.0,130,28.3,1122,2018_Browns,0,0
2018,defense,Buccaneers,12,8,1,4,5,534,387,72.5,8.2,4151,34,9,110.9,209,39.1,56,6,75T,38,426,1983,4.7,19,17,2,53,122,28.6,5,387,4383,11.3,54,0,97,50,41,1022,236,710,0,181,73,14,7,209,54.0,122,28.6,998,2018_Buccaneers,0,0
2018,defense,Cardinals,13,9,2,5,3,506,342,67.6,7.1,3262,21,7,96.1,186,36.8,37,5,64T,49,510,2479,4.9,25,21,4,65,139,27.3,3,342,3595,10.5,51,0,55,25,52,890,244,602,0,205,78,13,8,186,54.4,139,27.3,1065,2018_Cardinals,0,0
2018,defense,Chargers,7,7,1,3,6,548,351,64.1,7.1,3646,23,13,89.1,178,32.5,52,9,82T,38,395,1693,4.3,11,11,3,43,101,25.6,6,351,3886,11.1,72,1,247,86,34,1019,333,611,0,202,79,20,11,178,50.7,101,25.6,981,2018_Chargers,0,0
2018,defense,Chiefs,23,12,1,3,6,632,406,64.2,7.5,4374,30,15,92.7,247,39.1,65,8,49,52,425,2114,5.0,19,11,0,30,129,30.4,6,406,4721,11.6,64,3,280,67,26,985,287,655,0,193,80,27,18,247,60.8,129,30.4,1109,2018_Chiefs,0,0
2018,defense,Colts,15,11,0,7,5,542,384,70.8,7.4,3805,21,15,93.5,203,37.5,41,4,80T,38,415,1626,3.9,12,11,0,34T,87,21.0,5,384,4033,10.5,60,0,220,47,18,1024,208,724,0,200,82,15,7,203,52.9,87,21.0,995,2018_Colts,0,0
2018,defense,Cowboys,14,11,1,5,7,542,367,67.7,7.4,3755,22,9,95.7,193,35.6,43,7,53T,39,400,1513,3.8,12,9,1,68,89,22.3,7,367,3984,10.9,64,0,141,49,56,1059,325,693,0,201,85,14,6,193,52.6,89,22.3,981,2018_Cowboys,0,0
2018,defense,Dolphins,11,7,0,7,3,508,335,65.9,8.2,3932,31,21,94.1,195,38.4,59,11,73T,31,485,2325,4.8,17,20,3,71,116,23.9,3,335,4141,12.4,58,3,321,54,52,936,276,606,0,196,84,15,6,195,58.2,116,23.9,1024,2018_Dolphins,0,0
2018,defense,Eagles,12,7,0,3,6,626,417,66.6,7.4,4308,22,10,93.4,215,34.3,60,6,75T,44,332,1551,4.7,14,14,4,90T,71,21.4,6,417,4619,11.1,65,0,139,29,40,1055,227,755,0,201,71,19,11,215,51.6,71,21.4,1002,2018_Eagles,1,1
2018,defense,Falcons,8,4,1,1,10,585,398,68.0,7.5,4153,33,15,98.3,226,38.6,46,7,58,37,409,1999,4.9,16,13,1,92T,115,28.1,10,398,4408,11.1,66,1,151,41T,42,960,191,738,0,195,95,13,10,226,56.8,115,28.1,1031,2018_Falcons,0,0
2018,defense,Giants,11,5,0,4,7,560,362,64.6,7.6,4044,24,16,89.8,205,36.6,61,8,79T,30,444,1898,4.3,18,11,3,64T,103,23.2,7,362,4229,11.7,73,3,191,46,47,1095,337,599,0,206,87,17,14,205,56.6,103,23.2,1034,2018_Giants,0,0
2018,defense,Jaguars,7,6,0,0,5,499,312,62.5,6.7,3113,17,11,84.4,162,32.5,37,6,78T,37,434,1870,4.3,16,11,5,99T,89,20.5,5,312,3354,10.8,49,2,117,33T,53,1007,252,701,2,212,80,12,3,162,51.9,89,20.5,970,2018_Jaguars,0,0
2018,defense,Jets,13,7,0,3,4,582,367,63.1,7.5,4065,29,13,93.1,201,34.5,58,11,70T,39,440,2021,4.6,16,24,0,38T,104,23.6,4,367,4358,11.9,72,3,318,104,37,977,319,631,0,213,72,14,9,201,54.8,104,23.6,1061,2018_Jets,0,0
2018,defense,Lions,10,7,0,2,5,496,323,65.1,7.9,3599,29,7,102.7,191,38.5,50,10,82,43,403,1761,4.4,11,9,5,70,88,21.8,5,323,3897,12.1,47,2,148,67T,41,982,217,714,0,186,69,17,9,191,59.1,88,21.8,942,2018_Lions,0,0
2018,defense,Packers,10,8,0,3,6,527,336,63.8,7.7,3752,30,7,100.9,199,37.8,54,7,75T,44,446,1918,4.3,15,10,1,41,100,22.4,6,336,4074,12.1,59,1,100,27,53,989,273,637,0,212,79,18,12,199,59.2,100,22.4,1017,2018_Packers,0,0
2018,defense,Panthers,13,9,1,2,9,529,353,66.7,7.7,3847,32,13,99.6,185,35.0,51,12,75T,35,384,1804,4.7,13,17,2,60,110,28.6,9,353,4062,11.5,69,0,86,39,32,1056,358,660,0,183,73,17,10,185,52.4,110,28.6,948,2018_Panthers,0,0
2018,defense,Patriots,14,10,1,5,8,605,370,61.2,6.9,3943,29,18,85.4,208,34.4,57,9,75T,30,367,1803,4.9,7,11,1,54T,93,25.3,8,370,4181,11.3,64,1,156,84T,21,1135,409,689,0,197,76,16,6,208,56.2,93,25.3,1002,2018_Patriots,0,1
2018,defense,Raiders,5,3,0,1,6,480,299,62.3,8.2,3853,36,14,101.0,178,37.1,59,15,89T,13,480,2249,4.7,16,12,7,63T,108,22.5,6,299,3933,13.2,67,1,124,36T,52,1062,318,670,0,201,93,12,8,178,59.5,108,22.5,973,2018_Raiders,0,0
2018,defense,Rams,13,12,1,2,4,533,347,65.1,7.7,3780,31,18,93.8,185,34.7,59,14,73T,41,386,1957,5.1,12,17,1,51,101,26.2,4,347,4106,11.8,65,3,290,50T,33,1062,250,748,2,188,70,15,9,185,53.3,101,26.2,960,2018_Rams,0,0
2018,defense,Ravens,9,5,3,4,2,577,337,58.4,6.3,3360,21,12,80.6,174,30.2,44,7,64,43,354,1327,3.7,11,6,0,35T,82,23.2,2,337,3651,10.8,87,0,99,33,32,1147,316,773,0,211,72,20,10,174,51.6,82,23.2,974,2018_Ravens,0,0
2018,defense,Redskins,19,11,1,9,3,537,362,67.4,7.6,3794,27,15,95.1,197,36.7,52,9,90T,46,413,1860,4.5,12,6,2,78T,109,26.4,3,362,4091,11.3,56,0,203,40,44,980,252,660,0,196,86,13,5,197,54.4,109,26.4,996,2018_Redskins,0,0
2018,defense,Saints,19,12,0,9,4,573,384,67.0,8.1,4302,30,12,100.3,224,39.1,57,14,75T,49,356,1283,3.6,12,7,0,28T,72,20.2,4,384,4623,12.0,67,1,259,78,20,1065,292,707,0,189,78,29,14,224,58.3,72,20.2,978,2018_Saints,0,0
2018,defense,Seahawks,18,14,1,5,7,546,355,65.0,7.5,3842,26,12,94.3,201,36.8,58,8,75T,43,366,1811,4.9,9,14,2,59,91,24.9,7,355,4103,11.6,60,1,196,98T,51,1121,363,675,0,183,64,13,6,201,56.6,91,24.9,955,2018_Seahawks,0,0
2018,defense,Steelers,13,7,1,2,5,566,362,64.0,7.1,3697,27,8,95.2,200,35.3,53,7,71,52,369,1538,4.2,13,10,1,51,84,22.8,5,362,4044,11.2,67,2,89,35,24,1060,309,652,2,197,72,13,7,200,55.2,84,22.8,987,2018_Steelers,0,0
2018,defense,Texans,20,14,1,6,6,594,385,64.8,7.5,4167,28,15,92.7,200,33.7,55,13,83T,43,385,1323,3.4,8,3,0,39,76,19.7,6,385,4477,11.6,85,3,252,101T,62,1153,379,701,0,227,91,20,12,200,51.9,76,19.7,1022,2018_Texans,0,0
2018,defense,Titans,12,6,0,4,2,533,337,63.2,7.0,3471,21,11,88.4,182,34.1,48,7,75T,39,429,1863,4.3,9,7,1,97T,98,22.8,2,337,3719,11.0,63,2,120,56T,47,1041,308,619,0,205,75,20,11,182,54.0,98,22.8,1001,2018_Titans,0,0
2018,defense,Vikings,8,8,2,1,12,503,315,62.6,7.0,3140,15,12,83.3,160,31.8,43,10,70T,50,440,1815,4.1,13,7,3,75T,107,24.3,12,315,3501,11.1,62,1,159,52,40,1001,260,697,0,190,58,19,9,160,50.8,107,24.3,993,2018_Vikings,0,0
2019,defense,49ers,23,15,2,7,9,519,318,61.3,5.9,2707,23,12,83.0,150,28.9,34,5,88T,48,401,1802,4.5,11,9,1,40T,105,26.2,9,318,3074,9.7,75,3,286,49,36,1072,307,702,0,192,64,25,8,150,47.2,105,26.2,968,2019_49ers,0,0
2019,defense,Bears,12,9,0,4,5,571,362,63.4,6.6,3554,17,10,85.2,190,33.3,40,7,75T,32,414,1632,3.9,16,9,2,59,86,20.8,5,362,3796,10.5,67,1,157,59,45,995,231,737,1,209,76,23,13,190,52.5,86,20.8,1017,2019_Bears,0,0
2019,defense,Bengals,9,5,0,4,5,499,308,61.7,8.3,3917,25,11,95.4,183,36.7,70,12,79T,31,504,2382,4.7,17,22,2,57,124,24.6,5,308,4121,13.4,56,0,181,34,48,1039,354,659,1,209,89,10,5,183,59.4,124,24.6,1034,2019_Bengals,0,0
2019,defense,Bills,16,9,0,9,6,553,348,62.9,6.2,3123,15,14,78.8,169,30.6,34,4,61T,44,388,1649,4.3,12,12,1,65T,93,24.0,6,348,3421,9.8,80,0,59,49,40,1049,285,681,1,212,76,21,8,169,48.6,93,24.0,985,2019_Bills,0,0
2019,defense,Broncos,9,6,1,5,1,537,348,64.8,7.1,3609,19,10,89.8,175,32.6,46,11,75,40,426,1783,4.2,9,7,2,81,96,22.5,1,348,3822,11.0,68,0,87,24,41,991,328,617,0,211,79,19,9,175,50.3,96,22.5,1003,2019_Broncos,0,0
2019,defense,Browns,12,6,0,3,10,513,318,62.0,7.3,3470,25,14,89.0,184,35.9,48,8,75T,38,463,2315,5.0,19,14,3,83T,124,26.8,10,318,3740,11.8,62,1,219,61T,41,977,309,619,0,195,74,17,6,184,57.9,124,26.8,1014,2019_Browns,0,0
2019,defense,Buccaneers,21,16,4,5,6,664,408,61.4,7.0,4322,30,12,90.0,222,33.4,57,14,75T,47,362,1181,3.3,11,4,1,59,70,19.3,6,408,4647,11.4,93,2,201,70T,47,1070,344,674,0,218,75,27,13,222,54.4,70,19.3,1073,2019_Buccaneers,0,0
2019,defense,Cardinals,19,10,0,5,3,601,421,70.0,8.0,4510,38,7,109.9,243,40.4,72,7,57,40,439,1922,4.4,9,9,1,76T,94,21.4,3,421,4785,11.4,55,0,82,48,50,1002,284,678,0,214,100,14,3,243,57.7,94,21.4,1080,2019_Cardinals,0,0
2019,defense,Chargers,6,3,0,1,7,464,328,70.7,7.3,3204,21,11,96.7,156,33.6,41,6,70T,30,429,1805,4.2,15,9,3,84T,101,23.5,7,328,3394,10.3,43,0,74,37,34,1037,359,619,0,195,88,13,8,156,47.6,101,23.5,923,2019_Chargers,0,0
2019,defense,Chiefs,13,7,2,2,6,582,352,60.5,6.7,3543,21,16,80.8,190,32.6,46,7,69,45,416,2051,4.9,14,9,2,68T,115,27.6,6,352,3881,11.0,64,1,141,46T,25,954,215,702,0,202,75,31,16,190,54.0,115,27.6,1043,2019_Chiefs,0,0
2019,defense,Colts,14,8,0,4,4,562,394,70.1,7.5,3982,29,15,98.0,207,36.8,50,9,61T,41,383,1567,4.1,8,8,2,60T,93,24.3,4,394,4231,10.7,49,1,167,80T,32,1021,254,671,2,199,85,19,8,207,52.5,93,24.3,986,2019_Colts,0,0
2019,defense,Cowboys,14,10,1,3,7,569,370,65.0,6.8,3576,21,7,91.9,188,33.0,55,5,92T,39,407,1656,4.1,14,9,1,59,101,24.8,7,370,3879,10.5,69,0,83,29,23,1051,316,703,0,201,67,22,10,188,50.8,101,24.8,1015,2019_Cowboys,0,0
2019,defense,Dolphins,9,3,0,2,8,545,344,63.1,8.0,4198,39,13,101.9,214,39.3,68,6,83T,23,485,2166,4.5,15,9,2,60,113,23.3,8,344,4353,12.7,65,1,190,35T,58,986,257,668,1,194,81,13,8,214,62.2,113,23.3,1053,2019_Dolphins,0,0
2019,defense,Eagles,15,9,2,3,8,571,348,60.9,7.2,3865,27,11,90.8,185,32.4,49,15,75T,43,353,1442,4.1,13,10,3,68T,76,21.5,8,348,4136,11.9,79,1,159,51T,37,1092,312,740,0,205,70,18,11,185,53.2,76,21.5,967,2019_Eagles,0,0
2019,defense,Falcons,17,8,1,3,10,536,351,65.5,7.7,3918,28,12,96.9,192,35.8,56,9,71T,28,421,1775,4.2,13,14,0,37,108,25.7,10,351,4137,11.8,55,1,130,27T,50,1094,312,742,0,193,77,20,12,192,54.7,108,25.7,985,2019_Falcons,0,0
2019,defense,Giants,9,6,1,3,8,556,369,66.4,8.0,4225,30,10,101.4,211,37.9,67,15,62,36,469,1812,3.9,19,12,1,41,100,21.3,8,369,4471,12.1,64,1,171,62,43,1022,321,658,1,216,86,14,8,211,57.2,100,21.3,1061,2019_Giants,0,0
2019,defense,Jaguars,13,9,1,2,6,517,327,63.2,7.9,3778,22,10,93.9,193,37.3,60,12,84T,47,435,2229,5.1,23,15,6,84T,114,26.2,6,327,4088,12.5,60,1,132,35,42,1037,332,659,0,190,79,11,5,193,59.0,114,26.2,999,2019_Jaguars,0,0
2019,defense,Jets,10,9,2,2,8,585,363,62.1,6.8,3779,25,12,88.0,187,32.0,51,7,89T,35,417,1391,3.3,12,8,1,66,75,18.0,8,363,4001,11.0,64,3,138,61T,52,1029,416,577,2,225,88,12,3,187,51.5,75,18.0,1037,2019_Jets,0,0
2019,defense,Lions,16,11,1,5,7,611,381,62.4,7.8,4551,33,7,99.6,232,38.0,72,10,66,28,455,1855,4.1,13,7,2,45,94,20.7,7,381,4739,12.4,73,0,76,55,43,974,247,682,0,214,94,15,7,232,60.9,94,20.7,1094,2019_Lions,0,0
2019,defense,Packers,12,7,0,4,10,546,326,59.7,7.4,3721,19,17,81.1,191,35.0,56,15,66,41,411,1921,4.7,15,8,3,75T,99,24.1,10,326,4016,12.3,70,0,177,39,36,993,271,679,0,197,75,18,8,191,58.6,99,24.1,998,2019_Packers,0,0
2019,defense,Panthers,8,7,1,0,5,544,347,63.8,7.3,3696,21,14,88.0,197,36.2,53,7,93T,53,445,2296,5.2,31,23,5,60,128,28.8,5,347,3997,11.5,65,0,141,37,58,1088,408,650,2,193,77,9,6,197,56.8,128,28.8,1042,2019_Panthers,0,0
2019,defense,Patriots,15,11,2,6,5,536,303,56.5,6.0,2886,13,25,62.8,150,28.0,42,5,64T,47,365,1528,4.2,7,6,4,65T,72,19.7,5,303,3214,10.6,86,3,353,69T,28,1119,304,681,1,195,47,22,8,150,49.5,72,19.7,948,2019_Patriots,1,1
2019,defense,Raiders,9,6,0,2,3,526,337,64.1,8.3,4107,33,9,103.8,201,38.2,68,16,91T,32,405,1570,3.9,15,9,0,30,91,22.5,3,337,4355,12.9,65,2,214,59,29,1100,368,644,0,190,81,13,9,201,59.6,91,22.5,963,2019_Raiders,0,0
2019,defense,Rams,15,11,2,5,8,562,348,61.9,7.0,3625,23,13,86.8,194,34.5,40,6,67T,50,444,1809,4.1,15,9,1,44T,100,22.5,8,348,3928,11.3,72,2,137,32T,22,1040,291,654,1,218,86,24,14,194,55.7,100,22.5,1056,2019_Rams,0,1
2019,defense,Ravens,15,12,4,6,5,544,318,58.5,6.6,3315,15,13,77.5,163,30.0,47,9,83T,37,340,1494,4.4,12,8,4,88T,74,21.8,5,318,3583,11.3,69,2,259,89T,28,1133,341,721,1,194,72,18,6,163,51.3,74,21.8,921,2019_Ravens,0,0
2019,defense,Redskins,16,9,0,3,8,540,371,68.7,7.6,3823,35,13,102.5,200,37.0,56,9,53T,46,493,2339,4.7,14,16,4,67T,120,24.3,8,371,4093,11.0,52,0,106,33,50,957,328,567,0,227,111,19,12,200,53.9,120,24.3,1079,2019_Redskins,0,0
2019,defense,Saints,11,10,1,2,7,603,371,61.5,7.0,3868,27,13,88.3,197,32.7,54,13,75T,51,345,1461,4.2,12,9,1,49T,71,20.6,7,371,4201,11.3,75,2,140,55T,25,1061,306,717,1,210,73,25,11,197,53.1,71,20.6,999,2019_Saints,0,0
2019,defense,Seahawks,19,16,1,7,5,598,383,64.0,7.4,4223,19,16,85.6,224,37.5,53,6,58T,28,388,1883,4.9,22,12,2,80T,97,25.0,5,383,4407,11.5,72,2,161,55T,48,1140,404,670,0,185,71,12,7,224,58.5,97,25.0,1014,2019_Seahawks,0,0
2019,defense,Steelers,22,18,2,3,14,514,314,61.1,6.7,3113,23,20,79.7,164,31.9,43,6,58T,54,462,1753,3.8,7,6,0,38,110,23.8,14,314,3455,11.0,79,1,235,96T,32,1013,303,623,0,209,76,21,10,164,52.2,110,23.8,1030,2019_Steelers,0,0
2019,defense,Texans,14,10,0,1,4,586,375,64.0,7.7,4276,33,12,97.6,220,37.5,58,12,65T,31,403,1937,4.8,12,15,4,63T,98,24.3,4,375,4491,12.0,74,2,302,86,49,1032,301,680,0,202,98,16,7,220,58.7,98,24.3,1020,2019_Texans,0,0
2019,defense,Titans,11,9,2,3,5,598,386,64.5,7.3,4080,25,14,90.4,213,35.6,55,8,63T,43,415,1672,4.0,14,6,4,69,95,22.9,5,386,4356,11.3,70,1,158,38T,56,1057,366,597,1,204,74,25,10,213,55.2,95,22.9,1056,2019_Titans,0,0
2019,defense,Vikings,19,14,1,9,3,601,394,65.6,6.8,3737,23,17,86.1,215,35.8,47,7,60T,48,404,1728,4.3,8,5,2,91T,78,19.3,3,394,4099,10.4,81,1,95,21,28,1038,334,676,1,214,85,29,16,215,54.6,78,19.3,1053,2019_Vikings,0,0
2020,defense,49ers,13,8,0,7,8,537,341,63.5,6.6,3327,25,12,88.6,176,32.8,44,9,70,30,430,1703,4.0,12,9,2,61,102,23.7,8,341,3526,10.3,59,1,123,51,39,1084,371,664,0,200,71,20,13,176,51.6,102,23.7,997,2020_49ers,0,1
2020,defense,Bears,15,8,1,4,6,547,350,64.0,7.2,3705,28,10,94.9,190,34.7,50,7,72T,35,438,1814,4.1,11,9,0,37,104,23.7,6,350,3939,11.3,66,0,81,33,36,1066,341,708,1,210,80,22,13,190,54.3,104,23.7,1020,2020_Bears,0,0
2020,defense,Bengals,10,6,0,6,4,541,340,62.8,7.3,3859,32,11,96.1,192,35.5,57,8,55,17,463,2368,5.1,13,20,3,72T,126,27.2,4,340,3942,11.6,76,0,84,30,48,1062,335,676,0,210,91,16,10,192,56.5,126,27.2,1021,2020_Bengals,0,0
2020,defense,Bills,15,11,1,5,5,573,369,64.4,6.9,3726,23,15,86.9,199,34.7,44,7,69T,38,414,1914,4.6,21,11,0,33,125,30.2,5,369,3946,10.7,75,2,184,51T,27,1082,318,680,0,191,76,19,11,199,53.9,125,30.2,1025,2020_Bills,0,0
2020,defense,Broncos,12,6,0,4,6,567,374,66.0,7.2,3807,21,10,92.1,201,35.4,59,6,84T,42,434,2080,4.8,22,17,3,59,106,24.4,6,374,4089,10.9,62,0,130,46,32,993,315,645,0,219,88,14,7,201,53.7,106,24.4,1043,2020_Broncos,0,0
2020,defense,Browns,17,10,0,4,12,585,371,63.4,7.2,3962,31,11,94.8,214,36.6,49,10,47,38,412,1773,4.3,16,6,1,44,116,28.2,12,371,4224,11.4,73,2,214,50T,26,1105,405,643,2,205,90,27,22,214,57.7,116,28.2,1035,2020_Browns,0,0
2020,defense,Buccaneers,15,10,0,4,5,617,426,69.0,7.0,3945,29,15,94.3,215,34.8,46,7,75T,48,358,1289,3.6,10,4,1,62,78,21.8,5,426,4311,10.1,68,1,171,37,22,1011,339,637,1,205,82,25,14,215,50.5,78,21.8,1023,2020_Buccaneers,0,0
2020,defense,Cardinals,15,10,0,1,5,570,365,64.0,6.9,3623,26,11,91.5,207,36.3,48,5,76T,48,436,2008,4.6,13,10,0,38T,118,27.1,5,365,3949,10.8,55,0,129,90,29,1102,306,744,1,202,80,21,14,207,56.7,118,27.1,1054,2020_Cardinals,0,0
2020,defense,Chargers,6,7,0,2,8,543,340,62.6,6.8,3578,29,12,91.4,186,34.3,44,10,54T,27,427,1917,4.5,17,13,1,55T,112,26.2,8,340,3715,10.9,54,2,217,78T,34,1211,456,689,1,204,89,15,10,186,54.7,112,26.2,997,2020_Chargers,0,0
2020,defense,Chiefs,13,6,0,8,1,557,349,62.7,7.1,3779,29,16,89.4,202,36.3,54,9,72T,32,433,1954,4.5,14,8,3,65,113,26.1,1,349,3968,11.4,63,2,259,50T,24,1037,316,693,1,188,77,20,13,202,57.9,113,26.1,1022,2020_Chiefs,1,1
2020,defense,Colts,14,10,0,6,4,562,369,65.7,7.3,3866,24,15,90.5,203,36.1,53,6,73,40,390,1448,3.7,16,4,0,31,94,24.1,4,369,4127,11.2,77,4,266,50T,21,1140,339,664,3,203,86,14,6,203,55.0,94,24.1,992,2020_Colts,0,0
2020,defense,Cowboys,16,12,2,2,9,513,328,63.9,7.4,3642,34,10,100.4,180,35.1,51,11,81T,31,510,2541,5.0,20,18,3,69T,142,27.8,9,328,3820,11.6,46,0,108,43,44,1118,342,750,0,209,98,21,10,180,54.9,142,27.8,1054,2020_Cowboys,0,0
2020,defense,Dolphins,16,10,2,5,5,545,343,62.9,8.0,4024,21,18,87.0,193,35.4,57,12,85T,41,412,1862,4.5,17,9,0,37,113,27.4,5,343,4373,12.7,70,0,146,29,34,1046,306,686,0,186,58,26,12,193,56.3,113,27.4,998,2020_Dolphins,0,0
2020,defense,Eagles,14,11,1,3,5,530,364,68.7,7.8,3798,27,8,102.4,209,39.4,50,12,69,49,481,2012,4.2,20,13,5,80,98,20.4,5,364,4122,11.3,41,1,101,30T,65,990,274,693,1,211,80,18,7,209,57.4,98,20.4,1060,2020_Eagles,0,0
2020,defense,Falcons,17,9,0,4,8,625,425,68.0,7.9,4697,34,12,101.7,239,38.2,66,9,58,29,380,1677,4.4,15,8,2,45,97,25.5,8,425,4918,11.6,50,1,204,67T,41,1038,293,720,0,195,80,23,10,239,56.2,97,25.5,1034,2020_Falcons,0,0
2020,defense,FootballTeam,14,7,1,1,7,529,330,62.4,6.4,3068,21,16,81.4,161,30.4,36,11,56T,47,428,1805,4.2,14,11,5,50T,100,23.4,7,330,3393,10.3,63,2,136,76T,50,1073,344,711,1,216,81,24,9,161,48.8,100,23.4,1004,2020_FootballTeam,0,0
2020,defense,Giants,14,11,1,8,10,574,388,67.6,7.2,3807,22,11,93.2,215,37.5,43,6,68T,40,432,1782,4.1,14,9,1,56T,115,26.6,10,388,4130,10.6,73,1,101,46T,50,1011,324,637,0,204,91,18,11,215,55.4,115,26.6,1046,2020_Giants,0,0
2020,defense,Jaguars,12,5,0,4,4,533,370,69.4,8.1,4231,34,12,105.6,210,39.4,52,9,78T,18,517,2452,4.7,23,23,4,56,140,27.1,4,370,4322,11.7,58,1,200,53,44,986,337,612,0,198,86,18,12,210,56.8,140,27.1,1068,2020_Jaguars,0,0
2020,defense,Jets,17,9,0,4,11,605,418,69.1,7.6,4409,34,10,103.2,235,38.8,50,9,54,31,445,1792,4.0,16,10,5,80T,100,22.5,11,418,4595,11.0,65,1,134,35T,43,979,320,599,1,202,90,12,5,235,56.2,100,22.5,1081,2020_Jets,0,0
2020,defense,Lions,15,5,0,7,5,557,383,68.8,8.5,4558,38,7,112.4,253,45.4,66,8,75T,24,487,2158,4.4,27,7,2,75T,127,26.1,5,383,4753,12.4,49,0,65,36,42,972,297,636,1,193,91,18,11,253,66.1,127,26.1,1068,2020_Lions,0,0
2020,defense,Packers,12,7,1,5,3,536,346,64.6,7.1,3539,23,11,91.1,184,34.3,39,9,53,41,397,1805,4.5,16,9,3,57,119,30.0,3,346,3793,11.0,72,1,98,24,21,1021,317,643,1,185,73,24,14,184,53.2,119,30.0,974,2020_Packers,0,0
2020,defense,Panthers,14,15,3,3,6,585,398,68.0,6.9,3825,28,7,98.4,211,36.1,50,6,50,29,408,1936,4.7,17,11,4,98T,114,27.9,6,398,4024,10.1,57,0,110,66,36,1046,362,656,0,199,98,10,6,211,53.0,114,27.9,1022,2020_Panthers,0,0
2020,defense,Patriots,5,4,1,2,2,494,333,67.4,7.5,3557,22,18,89.3,187,37.9,48,8,54T,24,464,2103,4.5,17,10,0,35,131,28.2,2,333,3722,11.2,51,1,162,43T,37,1058,286,682,0,186,76,16,9,187,56.2,131,28.2,982,2020_Patriots,0,0
2020,defense,Raiders,8,5,0,3,2,580,370,63.8,7.5,4212,28,10,95.3,223,38.4,50,7,92T,21,438,2013,4.6,24,14,2,62T,114,26.0,2,370,4341,11.7,73,0,156,47,28,1067,364,673,0,205,100,17,14,223,60.3,114,26.0,1039,2020_Raiders,0,0
2020,defense,Rams,12,8,1,1,7,548,347,63.3,6.2,3051,17,14,80.4,170,31.0,36,4,59T,53,388,1460,3.8,12,2,0,27,91,23.5,7,347,3401,9.8,66,3,266,84T,25,1127,325,735,1,209,74,21,9,170,49.0,91,23.5,989,2020_Rams,0,0
2020,defense,Ravens,25,12,3,11,7,596,380,63.8,6.4,3536,22,10,87.2,213,35.7,38,4,50,39,382,1740,4.6,12,12,3,74,96,25.1,7,380,3808,10.0,65,0,78,25,32,1059,344,669,2,191,65,35,16,213,56.1,96,25.1,1017,2020_Ravens,0,0
2020,defense,Saints,7,8,0,0,7,557,333,59.8,6.7,3472,28,18,83.3,185,33.2,49,9,74T,45,390,1502,3.9,11,8,1,82T,85,21.8,7,333,3759,11.3,83,1,196,48,29,1141,392,737,1,207,79,30,16,185,55.6,85,21.8,992,2020_Saints,0,0
2020,defense,Seahawks,14,8,0,2,6,674,450,66.8,7.1,4560,23,14,90.2,253,37.5,55,9,52,46,392,1529,3.9,18,7,1,60,97,24.7,6,450,4811,10.7,77,0,106,32,48,1044,320,682,3,223,105,23,10,253,56.2,97,24.7,1112,2020_Seahawks,0,0
2020,defense,Steelers,13,9,0,4,6,526,298,56.7,6.6,3110,22,18,76.7,163,31.0,45,7,73T,56,414,1783,4.3,13,11,2,74T,94,22.7,6,298,3494,11.7,81,3,169,37,14,1065,325,659,1,222,83,20,5,163,54.7,94,22.7,996,2020_Steelers,0,0
2020,defense,Texans,9,6,0,1,4,541,377,69.7,8.0,4104,30,3,109.6,222,41.0,52,11,73T,34,493,2564,5.2,24,17,7,94T,145,29.4,4,377,4325,11.5,49,1,19,19T,50,968,273,638,0,202,96,21,11,222,58.9,145,29.4,1068,2020_Texans,0,0
2020,defense,Titans,12,8,1,5,10,630,423,67.1,7.3,4439,36,15,97.5,247,39.2,55,8,75T,19,427,1933,4.5,18,12,2,59,113,26.5,10,423,4593,10.9,76,0,189,68,25,1115,358,661,0,214,111,26,15,247,58.4,113,26.5,1076,2020_Titans,0,0
2020,defense,Vikings,11,7,0,2,5,541,358,66.2,7.9,4141,30,15,97.0,208,38.4,63,12,61,23,472,2151,4.6,19,6,2,42T,136,28.8,5,358,4267,11.9,55,0,65,16,39,1097,406,661,1,185,73,24,17,208,58.1,136,28.8,1036,2020_Vikings,0,0
2017,defense,49ers,17,10,0,5,10,544,344,63.2,7.2,3764,27,10,93.9,198,36.4,50,10,72T,30,491,1861,3.8,13,10,1,45,108,22.0,10,344,3943,11.5,56,1,185,50T,43,1023,228,717,0,221,95,12,10,198,57.6,108,22.0,1065,2017_49ers,0,0
2017,defense,Bears,14,14,1,4,8,529,343,64.8,6.9,3376,18,8,89.9,180,34.0,36,8,88T,42,432,1730,4.0,10,9,1,58T,85,19.7,8,343,3653,10.7,65,2,253,90T,39,919,167,731,1,219,86,11,6,180,52.5,85,19.7,1003,2017_Bears,0,0
2017,defense,Bengals,4,2,0,1,4,561,336,59.9,6.5,3379,20,11,82.9,173,30.8,45,8,72,41,489,2046,4.2,13,8,1,49T,111,22.7,4,336,3657,10.9,72,3,339,101,40,942,305,622,0,241,98,19,9,173,51.5,111,22.7,1091,2017_Bengals,0,0
2017,defense,Bills,16,7,2,7,5,573,370,64.6,6.7,3688,14,18,78.9,199,34.7,42,3,77T,27,466,1994,4.3,22,14,3,51,121,26.0,5,370,3844,10.4,81,1,275,63,47,1050,261,704,0,214,82,20,11,199,53.8,121,26.0,1066,2017_Bills,0,0
2017,defense,Broncos,8,7,2,3,4,491,294,59.9,6.9,3210,29,10,91.9,166,33.8,47,6,64T,33,428,1430,3.3,9,8,3,47,68,15.9,4,294,3385,11.5,62,2,237,103T,52,1051,243,763,0,209,66,21,7,166,56.5,68,15.9,952,2017_Broncos,0,0
2017,defense,Browns,14,6,0,7,5,525,360,68.6,7.4,3684,28,7,102.3,189,36.0,48,7,61T,34,467,1566,3.4,14,10,0,39,95,20.3,5,360,3881,10.8,70,1,97,56T,50,950,267,662,0,224,91,10,5,189,52.5,95,20.3,1026,2017_Browns,0,0
2017,defense,Buccaneers,18,13,3,5,9,549,371,67.6,7.8,4169,22,13,94.6,202,36.8,57,12,61T,22,440,1880,4.3,17,14,1,69,102,23.2,9,371,4306,11.6,55,1,218,47T,40,1018,267,654,0,216,104,9,2,202,54.4,102,23.2,1011,2017_Buccaneers,0,0
2017,defense,Cardinals,17,6,1,3,7,564,343,60.8,6.7,3541,24,15,83.9,187,33.2,44,8,72T,37,406,1434,3.5,12,9,0,37,68,16.7,7,343,3796,11.1,72,1,258,82T,52,979,180,759,0,224,80,16,7,187,54.5,68,16.7,1007,2017_Cardinals,0,0
2017,defense,Chargers,13,9,1,3,5,524,329,62.8,6.5,3156,17,18,78.1,153,29.2,37,4,87T,43,430,2098,4.9,11,18,6,69T,99,23.0,5,329,3417,10.4,75,2,302,90T,18,1056,249,634,0,221,86,20,6,153,46.5,99,23.0,997,2017_Chargers,0,0
2017,defense,Chiefs,12,10,3,6,4,570,325,57.0,7.2,3952,23,16,81.5,204,35.8,53,14,69,31,443,1890,4.3,15,6,0,27,112,25.3,4,325,4131,12.7,85,0,201,62,37,1047,274,697,0,207,83,17,9,204,62.8,112,25.3,1044,2017_Chiefs,0,0
2017,defense,Colts,11,7,0,4,10,513,320,62.4,8.0,3946,23,13,91.9,192,37.4,64,11,67,25,488,1927,3.9,15,12,2,72T,99,20.3,10,320,4123,12.9,68,1,215,44,56,1009,299,691,2,217,97,14,7,192,60.0,99,20.3,1026,2017_Colts,0,0
2017,defense,Cowboys,20,10,0,3,6,559,371,66.4,6.7,3425,28,10,94.6,181,32.4,43,6,56T,38,403,1664,4.1,7,7,1,71,96,23.8,6,371,3746,10.1,60,1,98,25,32,1021,280,687,0,210,90,13,4,181,48.8,96,23.8,1000,2017_Cowboys,0,0
2017,defense,Dolphins,9,6,2,1,9,528,339,64.2,7.2,3603,26,9,94.8,190,36.0,57,4,69T,30,431,1768,4.1,14,13,3,69,88,20.4,9,339,3788,11.2,53,1,99,30T,33,994,262,674,2,203,75,8,2,190,56.0,88,20.4,989,2017_Dolphins,0,0
2017,defense,Eagles,14,11,4,3,3,601,363,60.4,6.5,3637,24,19,79.5,177,29.5,40,10,77T,38,337,1267,3.8,7,11,1,53T,62,18.4,3,363,3883,10.7,87,1,278,59,36,1024,243,732,0,205,66,18,4,177,48.8,62,18.4,976,2017_Eagles,0,0
2017,defense,Falcons,12,8,2,0,8,553,362,65.5,6.7,3429,22,8,91.9,197,35.6,43,4,54T,39,402,1665,4.1,9,6,1,46,97,24.1,8,362,3725,10.3,65,0,108,43,24,983,240,713,0,196,75,19,13,197,54.4,97,24.1,994,2017_Falcons,0,1
2017,defense,Giants,12,6,0,4,3,561,347,61.9,7.5,4038,32,13,94.2,189,33.7,54,13,83T,27,464,1933,4.2,10,13,1,51T,101,21.8,3,347,4199,12.1,70,2,161,53T,34,1116,307,606,1,222,88,17,5,189,54.5,101,21.8,1052,2017_Giants,0,0
2017,defense,Jaguars,17,12,5,1,8,509,289,56.8,6.0,2718,17,21,68.5,143,28.1,40,12,74T,55,429,1860,4.3,9,6,2,75T,91,21.2,8,289,3074,10.6,77,2,294,67,24,1064,267,766,0,220,74,13,6,143,49.5,91,21.2,993,2017_Jaguars,0,0
2017,defense,Jets,9,9,0,5,9,558,329,59.0,7.0,3749,30,11,90.1,191,34.2,61,8,79T,28,466,1887,4.0,13,13,6,70,88,18.9,9,329,3904,11.9,61,0,151,48,47,997,254,719,0,221,82,11,5,191,58.1,88,18.9,1052,2017_Jets,0,0
2017,defense,Lions,16,13,2,5,8,570,366,64.2,7.2,3892,21,19,84.1,205,36.0,45,8,97T,35,432,1800,4.2,18,8,3,51,110,25.5,8,366,4120,11.3,77,3,253,37T,47,986,247,694,0,194,74,15,8,205,56.0,110,25.5,1037,2017_Lions,0,0
2017,defense,Packers,10,10,1,3,6,513,348,67.8,7.9,3789,30,11,102.0,211,41.1,55,8,71T,37,464,1793,3.9,10,11,0,37,95,20.5,6,348,4041,11.6,62,1,54,21T,51,1000,279,666,0,208,89,10,8,211,60.6,95,20.5,1014,2017_Packers,0,0
2017,defense,Panthers,15,11,1,4,1,550,351,63.8,7.2,3665,25,10,92.9,187,34.0,49,8,70,50,353,1409,4.0,7,10,2,72,69,19.5,1,351,3969,11.3,54,0,78,40,35,1091,396,663,0,206,78,20,7,187,53.3,69,19.5,953,2017_Panthers,0,0
2017,defense,Patriots,9,5,0,4,6,590,367,62.2,7.3,4020,24,12,89.5,204,34.6,49,10,78T,42,390,1836,4.7,6,11,2,87T,98,25.1,6,367,4319,11.8,65,0,114,39,35,1114,304,698,2,208,82,23,10,204,55.6,98,25.1,1022,2017_Patriots,1,1
2017,defense,Raiders,12,9,0,2,6,530,361,68.1,7.6,3858,24,5,101.8,187,35.3,50,13,74,31,433,1743,4.0,11,9,3,48T,93,21.5,6,361,4046,11.2,55,0,10,8,24,989,318,583,0,215,88,10,7,187,51.8,93,21.5,994,2017_Raiders,0,0
2017,defense,Rams,17,10,0,3,8,555,324,58.4,6.8,3475,21,18,78.4,181,32.6,54,6,65T,48,417,1957,4.7,15,12,4,75T,86,20.6,8,324,3799,11.7,94,3,401,69,28,995,195,751,2,227,86,15,9,181,55.9,86,20.6,1020,2017_Rams,0,0
2017,defense,Ravens,16,12,2,4,5,569,333,58.5,6.5,3421,18,22,72.4,179,31.5,48,7,57,41,435,1780,4.1,12,12,3,59,87,20.0,5,333,3701,11.1,80,3,385,63T,27,1042,235,782,0,222,82,16,6,179,53.8,87,20.0,1045,2017_Ravens,0,0
2017,defense,Redskins,12,7,0,2,8,531,306,57.6,7.0,3420,23,16,81.0,171,32.2,54,10,75T,42,472,2146,4.5,13,14,1,75T,105,22.2,8,306,3692,12.1,87,2,194,96T,41,1043,315,631,0,226,83,15,9,171,55.9,105,22.2,1045,2017_Redskins,0,0
2017,defense,Saints,17,5,1,4,5,554,329,59.4,7.0,3597,22,20,79.0,172,31.0,57,8,53T,42,406,1787,4.4,11,12,3,50,92,22.7,5,329,3884,11.8,99,2,192,33,20,1064,291,732,0,212,87,12,4,172,52.3,92,22.7,1002,2017_Saints,0,0
2017,defense,Seahawks,13,9,1,1,8,554,325,58.7,6.5,3347,19,14,79.1,181,32.7,44,5,75T,39,452,1824,4.0,14,9,3,75T,90,19.9,8,325,3616,11.1,77,3,212,78T,43,1030,309,680,2,222,85,15,7,181,55.7,90,19.9,1045,2017_Seahawks,0,0
2017,defense,Steelers,12,6,0,5,4,499,297,59.5,7.2,3217,20,16,81.8,157,31.5,48,13,75T,56,385,1693,4.4,14,10,3,90T,89,23.1,4,297,3610,12.2,76,0,184,41,24,1098,340,680,1,199,72,19,6,157,52.9,89,23.1,940,2017_Steelers,0,0
2017,defense,Texans,13,5,2,2,4,501,321,64.1,8.0,3799,30,11,99.5,176,35.1,53,17,94T,32,440,1747,4.0,14,13,1,75T,88,20.0,4,321,3999,12.5,57,2,144,82T,54,1044,342,650,1,201,71,8,5,176,54.8,88,20.0,973,2017_Texans,0,0
2017,defense,Titans,11,9,1,5,9,605,369,61.0,6.8,3828,27,12,87.8,231,38.2,37,7,80T,43,398,1420,3.6,5,3,0,34,68,17.1,9,369,4100,11.1,71,0,154,33,35,986,267,686,0,214,78,16,10,231,62.6,68,17.1,1046,2017_Titans,0,0
2017,defense,Vikings,8,5,0,1,4,555,324,58.4,6.0,3078,13,14,73.0,168,30.3,35,5,52,37,364,1337,3.7,10,6,2,62,59,16.2,4,324,3329,10.3,69,1,200,36,27,1098,319,760,1,202,51,23,9,168,51.9,59,16.2,956,2017_Vikings,0,0
2021,defense,49ers,22,11,0,9,11,545,372,68.3,7.1,3510,25,9,97.0,180,33.0,54,11,91,48,439,1760,4.0,17,11,1,73T,97,22.1,11,372,3874,10.4,55,2,136,40,33,1204,480,632,0,220,88,25,11,180,48.4,97,22.1,1032,2021_49ers,0,0
2021,defense,Bears,14,8,1,2,5,477,314,65.8,7.6,3257,31,8,103.3,170,35.6,48,12,83,49,483,2127,4.4,14,12,0,39,116,24.0,5,314,3623,11.5,53,1,135,53T,58,1164,394,702,1,211,81,24,12,170,54.1,116,24.0,1009,2021_Bears,0,0
2021,defense,Bengals,17,8,1,6,6,626,420,67.1,7.2,4222,26,13,93.1,213,34.0,65,8,60T,42,407,1742,4.3,15,8,2,70T,107,26.3,6,420,4498,10.7,60,1,266,65,55,1164,440,664,0,221,92,18,7,213,50.7,107,26.3,1075,2021_Bengals,0,0
2021,defense,Bills,12,11,0,4,7,530,297,56.0,5.7,2771,12,19,65.3,138,26.0,31,6,73T,42,442,1866,4.2,19,12,4,76T,108,24.4,7,297,3047,10.3,77,1,238,26T,27,1222,394,680,0,214,66,35,16,138,46.5,108,24.4,1014,2021_Bills,0,0
2021,defense,Broncos,6,6,0,0,4,562,341,60.7,6.9,3652,22,13,85.0,192,34.2,48,11,59,36,441,1892,4.3,9,10,0,35,99,22.4,4,341,3901,11.4,72,1,221,70T,40,1145,460,611,0,225,101,26,11,192,56.3,99,22.4,1039,2021_Broncos,0,0
2021,defense,Browns,12,6,1,4,6,576,367,63.7,6.4,3439,29,13,89.4,184,31.9,45,5,75T,43,437,1857,4.2,13,9,2,57T,108,24.7,6,367,3712,10.1,76,1,148,99T,49,1175,397,667,0,219,86,25,16,184,50.1,108,24.7,1056,2021_Browns,0,0
2021,defense,Buccaneers,16,12,0,8,4,680,445,65.4,6.4,4062,26,17,85.6,214,31.5,55,5,75T,47,366,1573,4.3,11,11,1,55,94,25.7,4,445,4347,9.8,80,2,177,31T,23,1175,408,691,0,226,87,28,13,214,48.1,94,25.7,1093,2021_Buccaneers,1,1
2021,defense,Cardinals,21,14,1,6,6,561,367,65.4,6.9,3645,30,13,93.5,192,34.2,43,7,64T,41,426,1952,4.6,10,8,2,62T,109,25.6,6,367,3872,10.6,70,1,247,77,39,1217,389,747,0,207,79,30,14,192,52.3,109,25.6,1028,2021_Cardinals,0,0
2021,defense,Chargers,19,10,1,5,4,559,357,63.9,7.1,3761,27,11,93.0,199,35.6,53,12,71T,35,509,2361,4.6,22,13,1,52T,144,28.3,4,357,3992,11.2,56,0,70,26,31,1166,409,668,0,216,107,22,7,199,55.7,144,28.3,1103,2021_Chargers,0,0
2021,defense,Chiefs,18,14,2,5,10,610,401,65.7,7.3,4273,27,15,92.0,209,34.3,52,13,72T,31,419,1999,4.8,15,11,1,47T,121,28.9,10,401,4482,11.2,64,2,160,75T,28,1167,405,699,0,199,80,31,19,209,52.1,121,28.9,1060,2021_Chiefs,0,1
2021,defense,Colts,18,14,1,4,10,597,390,65.3,7.0,3980,32,19,90.5,213,35.7,43,8,69T,33,420,1854,4.4,10,10,2,66T,101,24.0,10,390,4203,10.8,66,0,175,32,32,1189,415,605,1,210,85,21,12,213,54.6,101,24.0,1050,2021_Colts,0,0
2021,defense,Cowboys,13,8,1,4,3,612,364,59.5,7.1,4049,24,26,76.6,191,31.2,62,14,75T,41,429,1918,4.5,13,14,0,33,99,23.1,3,364,4346,11.9,79,5,405,66,33,1235,435,729,0,223,76,26,16,191,52.5,99,23.1,1082,2021_Cowboys,0,0
2021,defense,Dolphins,14,12,2,8,6,608,373,61.3,7.0,3871,23,14,85.4,199,32.7,62,7,64,48,425,1867,4.4,16,13,1,46T,106,24.9,6,373,4251,11.4,88,3,175,85T,40,1188,410,664,0,231,95,18,11,199,53.4,106,24.9,1081,2021_Dolphins,0,0
2021,defense,Eagles,13,4,3,3,6,589,409,69.4,6.8,3756,28,12,95.4,208,35.3,38,7,64,29,458,1834,4.0,18,10,0,38,115,25.1,6,409,3976,9.7,55,2,142,51T,31,1161,405,693,0,217,93,29,14,208,50.9,115,25.1,1076,2021_Eagles,0,0
2021,defense,Falcons,14,8,0,3,8,577,391,67.8,7.1,3952,31,12,97.4,214,37.1,51,0,38,18,519,2242,4.3,19,7,0,27,143,27.6,8,391,4104,10.5,75,2,202,66T,40,1137,452,607,1,217,105,22,11,214,54.7,143,27.6,1114,2021_Falcons,0,0
2021,defense,FootballTeam,9,7,0,5,6,597,400,67.0,7.6,4333,34,11,100.8,220,36.9,51,10,72T,38,430,1775,4.1,14,8,2,46,101,23.5,6,400,4520,11.3,59,2,120,31T,43,1149,384,689,0,229,111,20,12,220,55.0,101,23.5,1065,2021_FootballTeam,0,0
2021,defense,Giants,12,7,0,4,3,611,402,65.8,6.6,3839,27,15,89.0,216,35.4,42,6,59T,34,492,2193,4.5,15,5,1,70T,126,25.6,3,402,4044,10.1,81,1,135,41T,38,1117,405,627,1,226,90,23,15,216,53.7,126,25.6,1137,2021_Giants,0,0
2021,defense,Jaguars,9,2,0,3,4,543,377,69.4,7.6,3875,24,7,100.8,198,36.5,55,7,55,32,493,2127,4.3,22,12,1,52T,124,25.2,4,377,4111,10.9,50,0,57,23,32,1067,407,583,0,221,95,21,14,198,52.5,124,25.2,1068,2021_Jaguars,0,0
2021,defense,Jets,13,7,0,5,10,587,401,68.3,8.0,4409,28,7,103.2,234,39.9,73,9,65T,33,525,2351,4.5,28,16,3,78T,129,24.6,10,401,4682,11.7,59,1,114,32,53,1035,316,645,0,223,99,21,13,234,58.4,129,24.6,1145,2021_Jets,0,0
2021,defense,Lions,10,8,0,6,3,544,359,66.0,8.0,4160,31,11,101.0,211,38.8,56,11,79T,30,518,2296,4.4,19,14,1,48,135,26.1,3,359,4361,12.1,65,0,108,50,36,1150,389,658,0,204,92,14,9,211,58.8,135,26.1,1092,2021_Lions,0,0
2021,defense,Packers,10,8,0,0,5,603,379,62.9,6.7,3724,31,18,86.9,194,32.2,44,15,79T,39,395,1855,4.7,13,8,0,38,120,30.4,5,379,4021,10.6,73,2,164,55T,33,1166,403,660,0,203,87,33,15,194,51.2,120,30.4,1037,2021_Packers,0,0
2021,defense,Panthers,14,7,0,2,9,515,337,65.4,6.9,3266,26,9,95.0,170,33.0,46,7,62,39,474,1935,4.1,16,9,2,55T,112,23.6,9,337,3559,10.6,52,0,103,29,52,1145,425,643,1,217,82,21,12,170,50.4,112,23.6,1028,2021_Panthers,0,0
2021,defense,Patriots,11,7,0,3,6,538,319,59.3,6.4,3181,21,23,73.3,176,32.7,38,4,67T,36,464,2103,4.5,9,13,3,75,111,23.9,6,319,3437,10.8,85,3,322,88T,28,1155,356,677,0,211,77,32,17,176,55.2,111,23.9,1038,2021_Patriots,0,0
2021,defense,Raiders,13,9,0,3,7,606,400,66.0,6.6,3789,29,6,96.4,202,33.3,43,10,52,35,462,1943,4.2,18,13,1,51T,109,23.6,7,400,3996,10.0,71,0,68,35,40,1193,449,677,1,230,91,29,21,202,50.5,109,23.6,1103,2021_Raiders,0,0
2021,defense,Rams,15,6,0,4,6,625,416,66.6,7.2,4109,17,19,83.8,214,34.2,53,10,63T,50,443,1754,4.0,18,4,2,54,111,25.1,6,416,4476,10.8,67,0,192,34,31,1125,389,643,0,223,92,32,17,214,51.4,111,25.1,1118,2021_Rams,0,0
2021,defense,Ravens,8,6,0,1,2,621,397,63.9,8.0,4742,31,9,99.4,232,37.4,74,16,82T,34,378,1436,3.8,13,7,2,66,81,21.4,2,397,4986,12.6,72,1,38,21,57,1231,374,783,0,201,70,18,11,232,58.4,81,21.4,1033,2021_Ravens,0,0
2021,defense,Saints,13,7,0,4,4,592,369,62.3,7.0,3821,20,18,81.7,185,31.3,56,11,84T,46,426,1589,3.7,12,9,1,58T,84,19.7,4,369,4131,11.2,80,2,313,53,37,1159,443,637,0,240,89,21,9,185,50.1,84,19.7,1064,2021_Saints,0,0
2021,defense,Seahawks,9,7,0,1,5,658,443,67.3,7.2,4513,24,11,93.6,240,36.5,49,8,76T,34,509,1932,3.8,16,8,1,60T,124,24.4,5,443,4766,10.8,79,0,92,29,46,1060,384,580,1,224,88,31,13,240,54.2,124,24.4,1201,2021_Seahawks,0,0
2021,defense,Steelers,18,9,0,7,7,563,355,63.1,7.1,3656,24,13,88.7,186,33.0,44,6,62T,55,498,2483,5.0,17,24,3,49,144,28.9,7,355,3977,11.2,76,0,105,41,38,1232,425,660,0,232,86,24,13,186,52.4,144,28.9,1116,2021_Steelers,0,0
2021,defense,Texans,16,8,0,4,10,546,363,66.5,8.0,4117,27,17,94.1,218,39.9,55,12,68,32,523,2418,4.6,25,9,2,83,135,25.8,10,363,4342,12.0,63,1,295,82,44,1144,405,622,1,206,89,19,11,218,60.1,135,25.8,1101,2021_Texans,0,0
2021,defense,Titans,13,6,1,7,4,628,395,62.9,7.1,4169,24,16,86.4,204,32.5,60,11,68T,43,368,1438,3.9,14,3,1,58,90,24.5,4,395,4485,11.4,80,2,128,24T,47,1257,376,755,0,210,77,24,14,204,51.6,90,24.5,1039,2021_Titans,0,0
2021,defense,Vikings,13,8,0,3,4,626,401,64.1,7.5,4300,29,16,91.4,224,35.8,56,5,77T,51,475,2222,4.7,15,9,1,49,131,27.6,4,401,4678,11.7,64,2,256,66T,30,1152,361,690,0,214,78,30,15,224,55.9,131,27.6,1152,2021_Vikings,0,0
